Sr No,BRANCH CODE,BRANCH NAME,STATE,CITY,ZONE,PIN CODE
0,0015,WOOD STREET,WEST BENGAL,KOLKATA,EAST,700017
1,0027,RAIPUR,CHHATTISGARH,RAIPUR,EAST,492001
2,0029,GARIAHAT,WEST BENGAL,KOLKATA,EAST,700019
3,0030,RANCHI,JHARKHAND,RANCHI,EAST,834001
4,0032,DHANBAD,JHARKHAND,DHANBAD,EAST,826001
5,0035,BHUBANESWAR,ORISSA,BHUBANESWAR,EAST,751001
6,0038,GUWAHATI,ASSAM,GUWAHATI,EAST,781005
7,0052,GIRISH PARK,WEST BENGAL,KOLKATA,EAST,700006
8,0055,PATNA,BIHAR,PATNA,EAST,800001
9,0059,SILIGURI,WEST BENGAL,SILIGURI,EAST,734401
10,0068,JAMSHEDPUR,JHARKHAND,JAMSHEDPUR,EAST,831001
11,0069,KHARAGPUR,WEST BENGAL,KHARAGPUR,EAST,721305
12,0070,CUTTACK,ORISSA,CUTTACK,EAST,753001
13,0121,MALDA,WEST BENGAL,MALDA,EAST,732101
14,0127,BOKARO,JHARKHAND,BOKARO,EAST,827004
15,0128,ASANSOL,WEST BENGAL,ASANSOL BDEL,EAST,713303
16,0132,DURGAPUR,WEST BENGAL,DURGAPUR,EAST,713216
17,0137,DIBRUGARH,ASSAM,DIBRUGARH,EAST,786001
18,0138,SILCHAR,ASSAM,SILCHAR,EAST,788005
19,0139,TINSUKIA,ASSAM,TINSUKIA,EAST,786125
20,0140,AGARTALA,TRIPURA,AGARTALA,EAST,799001
21,0146,MADHYAMGRAM,WEST BENGAL,BARASAT,EAST,700129
22,0147,BILASPUR,CHHATTISGARH,BILASPUR,EAST,495001
23,0184,BALASORE,ORISSA,BALASORE,EAST,756001
24,0190,GANGTOK,SIKKIM,RANIPOOL,EAST,737102
25,0191,BARBIL,ORISSA,BARBIL OFFICE,EAST,758035
26,0193,HAZARIBAGH,JHARKHAND,HAZARIBAG OFFICE,EAST,825301
27,0195,AMBIKAPUR,CHHATTISGARH,AMBIKAPUR,EAST,497001
28,0212,JAGDALPUR,CHHATTISGARH,JAGDALPUR,EAST,494001
29,0215,JORHAT,ASSAM,JORHAT,EAST,785001
30,0216,TEZPUR,ASSAM,TEZPUR,EAST,784001
31,0217,DHARMANAGAR,TRIPURA,DHARMANAGAR,EAST,799250
32,0218,JODA,ORISSA,BARBIL OFFICE,EAST,758034
33,0219,GUALI,ORISSA,BARBIL OFFICE,EAST,758035
34,0225,CHANDIKHOLE,ORISSA,CHANDIKHOL OFFICE,EAST,754296
35,0234,PANPOSH,ORISSA,ROURKELA,EAST,769004
36,0252,ANGUL,ORISSA,ANUGUL,EAST,759122
37,0256,TALCHAR,ORISSA,TALCHER,EAST,759100
38,0260,JAIGAON,WEST BENGAL,JAIGON,EAST,736182
39,0262,DOMJUR,WEST BENGAL,HOWRAH CITY,EAST,711405
40,0263,NIMAPADA,ORISSA,NIMAPARA,EAST,752106
41,0264,KODERMA,JHARKHAND,KODERMA OFFICE,EAST,825410
42,0297,PAKAUR,JHARKHAND,PAKUR OFFICE,EAST,816107
43,0298,AMTALA,WEST BENGAL,AMTALA BDEL,EAST,743398
44,0299,BAGNAN,WEST BENGAL,ULUBERIA,EAST,711303
45,0301,TILDA NEWRA,CHHATTISGARH,TILDA,EAST,493114
46,0302,TAMLUK,WEST BENGAL,TAMLUK,EAST,721636
47,0303,JAJPUR ROAD,ORISSA,JAJPUR,EAST,755019
48,0304,DUNLOP BRANCH,WEST BENGAL,KOLKATA,EAST,700090
49,0305,KANKURGACHI,WEST BENGAL,KOLKATA,EAST,700054
50,0306,SUNDARGARH,ORISSA,BRAJRAJ NAGAR,EAST,770001
51,0313,BARUIPUR,WEST BENGAL,GARIA BDEL,EAST,700144
52,0314,PRINCE ANWAR SHAH,WEST BENGAL,KOLKATA,EAST,700033
53,0324,BARHI,JHARKHAND,JHARKHAND,EAST,825405
54,0325,KAEM NAGAR,BIHAR,ARRAH OFFICE,EAST,802314
55,0326,RUKANPURA,BIHAR,PATNA,EAST,800014
56,0335,DHUPGURI,WEST BENGAL,DHUPGURI,EAST,735210
57,0362,CHAIBASA,JHARKHAND,CHAIBASA,EAST,833201
58,0365,JHARSUGUDA,ORISSA,JHARSUGUDA,EAST,768203
59,0366,PATRAPARA,ORISSA,BHUBANESWAR,EAST,751019
60,0373,HOWRAH HAORA,WEST BENGAL,HOWRAH CITY,EAST,711101
61,0374,PIPILI,ORISSA,NIMAPARA,EAST,752104
62,0375,GHATAL,WEST BENGAL,GHATAL,EAST,721212
63,0376,SAMBALPUR,ORISSA,SAMBALPUR,EAST,768004
64,0377,"CHANDRASHEKHARPUR/BH
UBANESHWAR",ORISSA,BHUBANESWAR,EAST,751023
65,0382,R N MUKHERJEE ROAD,WEST BENGAL,KOLKATA,EAST,700001
66,0393,PATNA 2,BIHAR,PATNA,EAST,800013
67,0394,SHILLONG,MEGHALAYA,SHILLONG,EAST,793001
68,0395,ALAMGANJ,WEST BENGAL,BURDWAN BDEL,EAST,713102
69,0396,"RAGHUNATHPUR NEAR
DANKUNI",WEST BENGAL,BALLY BDEL,EAST,712247
70,0397,TARAKESHWAR,WEST BENGAL,HOOGLY,EAST,712710
71,0398,BAISHNABGHATA PATULI,WEST BENGAL,KOLKATA,EAST,700094
72,0417,DHARMA,ORISSA,ODISHA,EAST,756171
73,0418,KENDUJHAR TOWN,ORISSA,KEONJHAR,EAST,758001
74,0419,DIAMOND HARBOUR,WEST BENGAL,AMTALA BDEL,EAST,743331
75,0422,KHARSAWAN,JHARKHAND,JHARKHAND,EAST,833216
76,0423,BHATAGAON,CHHATTISGARH,RAIPUR,EAST,492001
77,0424,KANKER,CHHATTISGARH,KANKER,EAST,494334
78,0425,SONAPUR,ORISSA,SONEPUR,EAST,767017
79,0444,RANCHI 2,JHARKHAND,RANCHI,EAST,834001
80,0445,JOGIGHOPA,ASSAM,BONGAIGAON,EAST,783382
81,0447,BHAGWANPUR,BIHAR,BIHAR,EAST,844114
82,0460,BARPETA ROAD,ASSAM,BARPETA ROAD,EAST,781315
83,0463,BHOWANIPORE,WEST BENGAL,KOLKATA,EAST,700020
84,0469,ANDAR,BIHAR,SIWAN OFFICE,EAST,841231
85,0481,BILADI,CHHATTISGARH,TILDA,EAST,493114
86,0482,BANSANKRA,CHHATTISGARH,CHHATISGARH,EAST,492101
87,0489,SIMGA,CHHATTISGARH,RAIPUR,EAST,493101
88,0498,KENDRI,CHHATTISGARH,ABHANPUR,EAST,493661
89,0499,DHANORA,CHHATTISGARH,BHILAI,EAST,491001
90,0512,IMPHAL,MANIPUR,IMPHAL,EAST,795001
91,0515,KOLKATA STK EXG,WEST BENGAL,KOLKATA,EAST,700001
92,0516,KANKARBAGH PATNA,BIHAR,PATNA,EAST,800020
93,0526,"SALT LAKE SECTOR 1
BIDHAN NAGAR",WEST BENGAL,KOLKATA,EAST,700064
94,0531,"RAJENDRA NAGAR ARYA
KUMAR ROAD PATNA",BIHAR,PATNA,EAST,800016
95,0532,KATWA,WEST BENGAL,KATWA,EAST,713130
96,0534,ASIANA NAGAR PATNA,BIHAR,PATNA,EAST,800014
97,0552,KHAZANCHI ROAD PATNA,BIHAR,PATNA,EAST,800004
98,0554,ABHANPUR,CHHATTISGARH,ABHANPUR,EAST,493661
99,0555,ANISHABAD PATNA,BIHAR,PATNA,EAST,800002
100,0558,SIBSAGAR,ASSAM,SIBSAGAR,EAST,785640
101,0566,MUZAFFARPUR,BIHAR,MUZAFFARPUR,EAST,842001
102,0571,KALIMPONG,WEST BENGAL,KALIMPONG,EAST,734301
103,0587,"SALT LAKE SECTOR 5
BIDHAN NAGAR",WEST BENGAL,KOLKATA,EAST,700091
104,0590,PATNA CITY PATNA,BIHAR,PATNA,EAST,800008
105,0591,"DURG BHILAI
NAGAR/BHILAI",CHHATTISGARH,BHILAI,EAST,490023
106,0595,BHAGALPUR,BIHAR,BHAGALPUR,EAST,812002
107,0603,ZOO ROAD GUWAHATI,ASSAM,GUWAHATI,EAST,781024
108,0604,BIHTA,BIHAR,BIHTA RSP,EAST,801103
109,0662,GUWAHATI BELTOLA,ASSAM,GUWAHATI,EAST,781028
110,0663,"NUMALIGARH REFINERY
GOLAGHAT",ASSAM,BOKAKHAT OFFICE,EAST,785699
111,0664,DULIAJAN DIBRUGARH,ASSAM,DULIAJAN,EAST,786602
112,0682,GUWAHATI GANESHGHURI,ASSAM,GUWAHATI,EAST,781005
113,0695,BADKALIMATI,ORISSA,BARBIL OFFICE,EAST,758034
114,0696,GUJARA,CHHATTISGARH,CHATTISGARH,EAST,493441
115,0697,PARSADA,CHHATTISGARH,RAIPUR,EAST,492106
116,0698,TUTA,CHHATTISGARH,RAIPUR,EAST,492015
117,0709,GUWAHATI FANCY BAZAR,ASSAM,GUWAHATI,EAST,781001
118,0711,HAILAKANDI,ASSAM,HAILAKANDI OFFICE,EAST,788151
119,0717,"NORTH LAKHIMPUR
LAKHIMPUR",ASSAM,"NORTH LAKHIMPUR
OFFICE",EAST,787001
120,0718,BARGARH,ORISSA,ATTABIRA OFFICE,EAST,768028
121,0728,BARABISA,WEST BENGAL,KAMAKHYAGURI,EAST,736207
122,0731,GUWAHATI PALTAN BAZAR,ASSAM,GUWAHATI,EAST,781008
123,0745,VIP ROAD KOLKATA,WEST BENGAL,KOLKATA,EAST,700052
124,0757,SHILPHUKURI GUWAHATI,ASSAM,GUWAHATI,EAST,781003
125,0758,SHANKARNAGAR RAIPUR,CHHATTISGARH,RAIPUR,EAST,492007
126,0762,MALIGAON GUWAHATI,ASSAM,GUWAHATI,EAST,781012
127,0764,GUWAHATI AMBARI,ASSAM,GUWAHATI,EAST,781001
128,0792,CONTAI,WEST BENGAL,CONTAI,EAST,721401
129,0794,SURI,WEST BENGAL,SIURI,EAST,731101
130,0796,MANENDRAGARH,CHHATTISGARH,KORIYA,EAST,497442
131,0806,ISLAMPUR,WEST BENGAL,ISLAMPUR,EAST,733202
132,0807,ATGAON GUWAHATI,ASSAM,GUWAHATI,EAST,781001
133,0812,SAKCHI JAMSHEDPUR,JHARKHAND,JAMSHEDPUR,EAST,831001
134,0836,PANDRI RAIPUR,CHHATTISGARH,RAIPUR,EAST,492004
135,0841,MG ROAD RAIPUR,CHHATTISGARH,RAIPUR,EAST,492001
136,0856,"IRC VILLAGE
BHUBANESHWAR",ORISSA,BHUBANESWAR,EAST,751015
137,0872,KASBA KOLKATA,WEST BENGAL,KOLKATA,EAST,700107
138,0873,GOBINDPUR,JHARKHAND,DHANBAD,EAST,828109
139,0884,SAMASTIPUR,BIHAR,SAMASTIPUR,EAST,848101
140,0887,GE ROAD RAIPUR,CHHATTISGARH,RAIPUR,EAST,492001
141,0888,RATU ROAD RANCHI,JHARKHAND,RANCHI,EAST,834005
142,0909,LAKE TOWN KOLKATA,WEST BENGAL,KOLKATA,EAST,700089
143,0911,ITANAGAR,"ARUNACHAL
PRADESH",ITANAGAR,EAST,791111
144,0928,SAGUNA MORE PATNA,BIHAR,DANAPUR,EAST,801503
145,0963,G C AVENUE KOLKATA,WEST BENGAL,KOLKATA,EAST,700012
146,0968,NEHRU NAGAR BHILAI,CHHATTISGARH,BHILAI,EAST,490020
147,0969,BALANGIR,ORISSA,BALANGIR,EAST,767001
148,0970,PACHPADINAKA RAIPUR,CHHATTISGARH,RAIPUR,EAST,492006
149,0972,BHADRAK,ORISSA,BHADRAK,EAST,756100
150,1012,JALESWAR,ORISSA,BALIAPAL OFFICE,EAST,756032
151,1021,JEYPUR,ORISSA,KORAPUT OFFICE,EAST,764001
152,1024,KATAMKULI,JHARKHAND,RANCHI,EAST,835222
153,1034,KOKRAJHAR,ASSAM,KOKRAJHAR,EAST,783370
154,1036,TOLLYGUNG KOLKATA,WEST BENGAL,KOLKATA,EAST,700040
155,1042,SEVOKE ROAD SILIGURI WB,WEST BENGAL,SILIGURI,EAST,734001
156,1056,MANGO JAMSHEDPUR,JHARKHAND,JAMSHEDPUR,EAST,831012
157,1057,KARIMGANJ,ASSAM,KARIMGANJ,EAST,788710
158,1059,GAYA,BIHAR,GAYA,EAST,823001
159,1068,BIRPARA,WEST BENGAL,BIRPARA,EAST,735204
160,1069,ALIPURDUAR,WEST BENGAL,ALIPURDUAR,EAST,736121
161,1070,DARBHANGA,BIHAR,BIHAR,EAST,864004
162,1071,"SAKHER BAZAR CROSSING
BEHALA KOLKATTA",WEST BENGAL,KOLKATA,EAST,700008
163,1072,DHUBRI,ASSAM,DHUBRI,EAST,783301
164,1076,BELDA WB,WEST BENGAL,BELDA,EAST,721424
165,1404,BELA BELAGANJ,BIHAR,GAYA,EAST,804403
166,0005,BARAKHAMBHA,DELHI,NEW DELHI,NORTH 1,110001
167,0012,GK 2,DELHI,NEW DELHI,NORTH 1,110048
168,0022,GURGAON,HARYANA,GURGAON,NORTH 1,122002
169,0031,PREET VIHAR,DELHI,NEW DELHI,NORTH 1,110092
170,0036,NOIDA,UTTAR PRADESH,NOIDA,NORTH 1,201301
171,0043,PUNJABI BAGH,DELHI,NEW DELHI,NORTH 1,110026
172,0044,JANAK PURI,DELHI,NEW DELHI,NORTH 1,110058
173,0143,ASHOK VIHAR,DELHI,NEW DELHI,NORTH 1,110052
174,0145,ROHINI,DELHI,NEW DELHI,NORTH 1,110085
175,0148,LAJPAT NAGAR,DELHI,NEW DELHI,NORTH 1,110024
176,0160,KAILASH COLONY,DELHI,NEW DELHI,NORTH 1,110048
177,0161,VASANT KUNJ,DELHI,NEW DELHI,NORTH 1,110070
178,0162,NOIDA SEC 63,UTTAR PRADESH,NOIDA,NORTH 1,201307
179,0168,GULMOHAR HOUSE,DELHI,NEW DELHI,NORTH 1,110016
180,0169,KAROL BAGH,DELHI,NEW DELHI,NORTH 1,110005
181,0170,SECTOR 14 GURGAON,HARYANA,GURGAON,NORTH 1,122001
182,0171,GHAZIABAD,UTTAR PRADESH,GHAZIABAD,NORTH 1,201002
183,0275,RAJORI GARDENS,DELHI,NEW DELHI,NORTH 1,110027
184,0276,NOIDA SECTOR 51,UTTAR PRADESH,NOIDA,NORTH 1,201301
185,0281,DEFENCE COLONY,DELHI,NEW DELHI,NORTH 1,110024
186,0282,GUJRANWALA TOWN,DELHI,NEW DELHI,NORTH 1,110009
187,0283,FARIDABAD,HARYANA,FARIDABAD,NORTH 1,121002
188,0312,MANESAR,HARYANA,GURGAON,NORTH 1,122050
189,0316,SOHNA ROAD,HARYANA,GURGAON,NORTH 1,122002
190,0319,WEST PATEL NAGAR,DELHI,NEW DELHI,NORTH 1,110008
191,0321,NARAINA,DELHI,NEW DELHI,NORTH 1,110028
192,0334,NAYA BAZAAR,DELHI,NEW DELHI,NORTH 1,110006
193,0360,PASCHIM VIHAR,DELHI,NEW DELHI,NORTH 1,110063
194,0368,"OKHLA INDUSTRIAL AREA
3",DELHI,NEW DELHI,NORTH 1,110020
195,0369,CHHAPRAULA,UTTAR PRADESH,DADRI,NORTH,203207
196,0370,NEHRU PLACE,DELHI,NEW DELHI,NORTH 1,110019
197,0371,PITAMPURA,DELHI,NEW DELHI,NORTH 1,110034
198,0372,CHANDANI CHOWK,DELHI,NEW DELHI,NORTH 1,110006
199,0379,SUSHANT LOK,HARYANA,GURGAON,NORTH 1,122002
200,0383,INDIRAPURAM,UTTAR PRADESH,GHAZIABAD,NORTH 1,201014
201,0389,JASOLA,DELHI,NEW DELHI,NORTH 1,110025
202,0401,GOLF COURSE ROAD,HARYANA,GURGAON,NORTH 1,122002
203,0404,KUNDLI,HARYANA,KUNDLI,NORTH 1,131028
204,0405,REWARI,HARYANA,REWARI,NORTH 2,123401
205,0407,SADARBAZAR GURGAON,HARYANA,GURGAON,NORTH 1,122001
206,0408,PANCHGAON PACHGAON,HARYANA,GURGAON,NORTH 2,122005
207,0513,GREATER NOIDA OMEGA,UTTAR PRADESH,NOIDA,NORTH 1,201306
208,0514,"OLD JUDICIARY COMPLEX
SEC 15 GURGAON",HARYANA,GURGAON,NORTH 1,122001
209,0518,SECTOR 31 GURGAON,HARYANA,GURGAON,NORTH 1,122002
210,0533,NOIDA SEC 110,UTTAR PRADESH,NOIDA,NORTH 1,201301
211,0540,UDYOG VIHAR GURGAON,HARYANA,GURGAON,NORTH 1,122016
212,0544,IP EXTENSION,DELHI,NEW DELHI,NORTH 1,110092
213,0546,GREATER NOIDA ALPHA,UTTAR PRADESH,NOIDA,NORTH 1,201306
214,0548,SECTOR 10 GURGAON,HARYANA,GURGAON,NORTH 1,122001
215,0549,BADSHAHPUR GURGAON,HARYANA,GURGAON,NORTH 1,122001
216,0553,"SECTOR 66 GOLF COURSE
EXTENSION GURGAON",HARYANA,GURGAON,NORTH,122101
217,0556,SEC 57 GURGAON,HARYANA,GURGAON,NORTH 1,122002
218,0559,DWARKA,DELHI,NEW DELHI,NORTH 1,110075
219,0565,SECTOR 48 NOIDA,UTTAR PRADESH,NOIDA,NORTH 1,201304
220,0574,"SEC 47 MALIBU TOWN
GURGAON",HARYANA,GURGAON,NORTH 1,122002
221,0588,SEC62 NOIDA,UTTAR PRADESH,NOIDA,NORTH 1,201307
222,0602,"PALM SPRINGS PLAZA
GURGAON",HARYANA,GURGAON,NORTH,122002
223,0607,NEW FRIENDS COLONY,DELHI,NEW DELHI,NORTH 1,110065
224,0608,SEC 23 GURGAON,HARYANA,GURGAON,NORTH,122017
225,0619,DLF PHASE 3 GURGAON,HARYANA,GURGAON,NORTH,122001
226,0672,SEC12 NOIDA,UTTAR PRADESH,NOIDA,NORTH,201301
227,0673,ARJUN MARG GURGAON,HARYANA,GURGAON,NORTH,122002
228,0680,SEC 21 FARIDABAD,DELHI,FARIDABAD,NORTH,121001
229,0702,NIIT FARIDABAD,DELHI,FARIDABAD,NORTH,121001
230,0703,SEC 50 NOIDA,UTTAR PRADESH,NOIDA,NORTH,201301
231,0708,SEC 4 GURGAON,HARYANA,GURGAON,NORTH,122001
232,0714,SEC 45 GURGAON,HARYANA,GURGAON,NORTH,122001
233,0716,"CYBER CITY RAPID METRO
DIGITAL BRANCH
GURGAON",HARYANA,GURGAON,NORTH,122002
234,0724,SEC 56 GURGAON,HARYANA,GURGAON,NORTH,122011
235,0730,"MAYUR VIHAR PHASE II
DELHI",DELHI,NEW DELHI,NORTH,110096
236,0733,VASUNDHARA NOIDA,UTTAR PRADESH,GHAZIABAD,NORTH,201012
237,0735,"MOHAN CO OPERATIVE
INDL ESTATE DELHI",DELHI,NEW DELHI,NORTH,110016
238,0742,SEC 17 GURGAON,HARYANA,GURGAON,NORTH,122001
239,0747,IFFCO CHOWK GURGAON,HARYANA,GURGAON,NORTH,122001
240,0748,"SEC 58 BISHANPURA
NOIDA",UTTAR PRADESH,NOIDA,NORTH,201301
241,0755,SEC 119 NOIDA,UTTAR PRADESH,NOIDA,NORTH,201301
242,0756,PALAM VIHAR GURGAON,HARYANA,GURGAON,NORTH,122017
243,0763,SEC 15 GURGAON,HARYANA,GURGAON,NORTH,122001
244,0804,VIKASPURI NEW DELHI,DELHI,NEW DELHI,NORTH,110018
245,0817,"VAISHALI GHAZIABAD
NOIDA",UTTAR PRADESH,GHAZIABAD,NORTH,201010
246,0821,"SAFDARJUNG ENCLAVE
NEW DELHI",DELHI,NEW DELHI,NORTH,110029
247,0831,"KRISHNA NAGAR NEW
DELHI",DELHI,NEW DELHI,NORTH,110051
248,0842,NAJAFGARH DELHI,DELHI,NEW DELHI,NORTH,110043
249,0849,SEC 9 ROHINI DELHI,DELHI,NEW DELHI,NORTH,110085
250,0858,KALKAJI DELHI,DELHI,NEW DELHI,NORTH,110019
251,0936,ANAND VIHAR DELHI,DELHI,NEW DELHI,NORTH,110092
252,0964,SEC 77 NOIDA,UTTAR PRADESH,NOIDA,NORTH,201301
253,1006,SAKET DELHI,DELHI,NEW DELHI,NORTH,110017
254,1032,SEC 5 DWARKA NEW DELHI,DELHI,NEW DELHI,NORTH,110075
255,1035,JORBAGH NEW DELHI,DELHI,NEW DELHI,NORTH,110003
256,1040,"QUTUB PLAZA DLF PHASE 1
GURGAON",HARYANA,GURGAON,NORTH,122001
257,1041,"KOHAT ENCLAVE
PITAMPURA NEW DELHI",DELHI,NEW DELHI,NORTH,110034
258,1064,"CONNAUGHT PLACE NEW
DELHI",DELHI,NEW DELHI,NORTH,110001
259,1067,"SEC 15 FARIDABAD NEW
DELHI",DELHI,FARIDABAD,NORTH,121007
260,1089,"SHALIMAR BAGH NEW
DELHI",DELHI,NEW DELHI,NORTH,110088
261,1102,VIVEK VIHAR NEW DELHI,DELHI,NEW DELHI,NORTH,110095
262,0014,CHANDIGARH,CHANDIGARH,CHANDIGARH,NORTH 2,160018
263,0016,JAIPUR,RAJASTHAN,JAIPUR,NORTH 2,302001
264,0019,LUCKNOW,UTTAR PRADESH,LUCKNOW,NORTH 2,226001
265,0020,LUDHIANA,PUNJAB,LUDHIANA,NORTH 2,141001
266,0-0026,1-JODHPUR,2-RAJASTHAN,3-JODHPUR,4-NORTH 2,5-342003
267,0037,VARANASI,UTTAR PRADESH,VARANASI,NORTH 2,221010
268,0041,KANPUR,UTTAR PRADESH,KANPUR,NORTH 2,208002
269,0045,JALLANDHAR,PUNJAB,JALANDHAR,NORTH,144003
270,0049,HAPUR,UTTAR PRADESH,HAPUR,NORTH,245101
271,0054,DEHRADUN,UTTARANCHAL,DEHRADUN,NORTH 2,248001
272,0064,AGRA,UTTAR PRADESH,AGRA,NORTH 2,282002
273,0072,HISSAR,HARYANA,HISSAR,NORTH 2,125001
274,0073,KARNAL,HARYANA,KARNAL,NORTH 2,132001
275,0083,MOHALI,PUNJAB,MOHALI,NORTH 2,160059
276,0086,PHAGWARA,PUNJAB,PHAGWARA,NORTH 2,144401
277,0090,PANCHKULA,HARYANA,PANCHKULA,NORTH 2,134112
278,0111,UDAIPUR,RAJASTHAN,UDAIPUR,NORTH 2,313001
279,0112,KOTA,RAJASTHAN,KOTA EXPANSION,NORTH 2,324007
280,0113,BIKANER,RAJASTHAN,BIKANER,NORTH 2,334001
281,0114,BAREILLY,UTTAR PRADESH,BAREILLY,NORTH 2,243001
282,0119,AMRITSAR,PUNJAB,AMRITSAR,NORTH,143001
283,0124,ALLAHABAD,UTTAR PRADESH,ALLAHABAD,NORTH 2,211001
284,0125,BHATINDA,PUNJAB,BHATINDA,NORTH 2,151001
285,0129,AJMER,RAJASTHAN,AJMER,NORTH 2,305001
286,0130,ROHTAK,HARYANA,ROHTAK,NORTH 2,124001
287,0133,BHILWARA,RAJASTHAN,BHILWARA,NORTH 2,311001
288,0136,SRINAGAR,JAMMU & KASHMIR,OUTER SRINAGAR 2,NORTH 2,190001
289,0149,PATIALA,PUNJAB,PATIALA,NORTH 2,147001
290,0150,GORAKHPUR,UTTAR PRADESH,GORAKHPUR,NORTH 2,273001
291,0151,MORADABAD,UTTAR PRADESH,MORADABAD,NORTH,244001
292,0156,JAMMU,JAMMU & KASHMIR,JAMMU,NORTH 2,180004
293,0163,MILLER GANJ,PUNJAB,LUDHIANA,NORTH 2,141003
294,0164,PANCHKULA SECTOR 9,HARYANA,PANCHKULA,NORTH 2,134109
295,0181,KHANNA,PUNJAB,KHANNA,NORTH 2,141401
296,0185,SHIMLA,HIMACHAL PRADESH,SHIMLA,NORTH 2,171001
297,0197,JHUNJHUNU,RAJASTHAN,JHUNJHUNU,NORTH 2,333001
298,0198,SHAHPURA,RAJASTHAN,KOTPUTALI,NORTH 2,303103
299,0199,MANSA,PUNJAB,MANSA,NORTH 2,151505
300,0200,SUMERPUR,RAJASTHAN,"SHEOGANJ AND
SUMERPUR",NORTH 2,306902
301,0208,NASIRABAD,RAJASTHAN,KISHANGARH,NORTH 2,305601
302,0209,NAGUAR,RAJASTHAN,NAGAUR,NORTH 2,341001
303,0224,MANDI GOBINDGARH,PUNJAB,FATEHGARH SAHIB,NORTH 2,147301
304,0228,BADDI,HIMACHAL PRADESH,BADDI,NORTH 2,173205
305,0235,JAGDISHPUR,UTTAR PRADESH,AMETHI,NORTH 2,227809
306,0238,LANDRAN,PUNJAB,KHARAR,NORTH 2,140307
307,0239,BAKARPUR,PUNJAB,MOHALI,NORTH 2,140306
308,0244,AMLOH,PUNJAB,FATEHGARH SAHIB,NORTH 2,147203
309,0245,RAHON,PUNJAB,NAWANSHAHAR,NORTH 2,144517
310,0246,LAXMANGARH,RAJASTHAN,RAJASHTAN,NORTH 2,497116
311,0249,ANPARA,UTTAR PRADESH,RENUKOOT,NORTH,231225
312,0250,PEHOWA,HARYANA,PEHOWA,NORTH 2,136128
313,0251,JHAJJAR,HARYANA,JHAJJAR,NORTH 2,124103
314,0254,DAON,PUNJAB,KHARAR,NORTH 2,140301
315,0255,MULLANPUR,PUNJAB,CHANDIGARH,NORTH 2,140901
316,0259,GOTAN,RAJASTHAN,NAGPUR,NORTH 2,342902
317,0277,SUNDER NAGAR,PUNJAB,LUDHIANA,NORTH 2,141007
318,0278,RAJAPARK,RAJASTHAN,JAIPUR,NORTH 2,302004
319,0279,JOHARI BAZAR,RAJASTHAN,JAIPUR,NORTH 2,302003
320,0280,NEEMRANA,RAJASTHAN,NEEMRANA,NORTH 2,301705
321,0284,"JALLANDHAR OPP
JYMKHANA",PUNJAB,JALANDHAR,NORTH,144001
322,0285,AMRITSAR G T ROAD,PUNJAB,AMRITSAR,NORTH,143001
323,0318,CHANDIGARH SECTOR 35,CHANDIGARH,CHANDIGARH,NORTH 2,160035
324,0337,VALLABH NAGAR,RAJASTHAN,FATEHNAGAR,NORTH 2,313601
325,0338,BIJOLIYA,RAJASTHAN,RAJASHTAN,NORTH 2,311602
326,0340,SHAHKOT,PUNJAB,JALLANDHAR,NORTH,144702
327,0344,BARWALA,HARYANA,DERABASSI,NORTH 2,134118
328,0355,MANAULI,PUNJAB,MOHALI,NORTH 2,140306
329,0409,KHAMANON,PUNJAB,MORINDA,NORTH 2,141801
330,0410,MEERUT,UTTAR PRADESH,MEERUT,NORTH,250004
331,0411,ALWAR CITY,RAJASTHAN,ALWAR,NORTH 2,301001
332,0412,BHIWADI,RAJASTHAN,KUSHKHERA,NORTH 2,301019
333,0420,RAJSAMAND,RAJASTHAN,RAJSAMAND,NORTH 2,313324
334,0421,CHITTORGARH,RAJASTHAN,CHITTORGARH,NORTH 2,312001
335,0426,HOSHIARPUR,PUNJAB,HOSHIARPUR,NORTH,146001
336,0427,APRA,PUNJAB,GORAYA,NORTH 2,144416
337,0428,BARMER,RAJASTHAN,BARMER,NORTH 2,344001
338,0429,DEOLI,RAJASTHAN,DEOLI,NORTH 2,304804
339,0431,BHADHOI,UTTAR PRADESH,BHADOHI,NORTH 2,221401
340,0432,PHASE XI MOHALI,PUNJAB,MOHALI,NORTH 2,160062
341,0433,THARIKE,PUNJAB,LUDHIANA,NORTH 2,142021
342,0434,PIPLI MAJRA,HARYANA,KURUKSHETRA,NORTH 2,136131
343,0435,OBAREE,UTTAR PRADESH,BARABANKI,NORTH,225001
344,0436,MAHAPURA,RAJASTHAN,JAIPUR,NORTH 2,302026
345,0437,GOPIGANJ,UTTAR PRADESH,BHADOHI,NORTH 2,221303
346,0438,PALIA KALAN,UTTAR PRADESH,GOLA GORAKHNATH,NORTH 2,262902
347,0439,BANSWARA,RAJASTHAN,BANSWADA,NORTH 2,327001
348,0440,SANGRUR,PUNJAB,SANGRUR,NORTH 2,148001
349,0441,JODHPUR 2,RAJASTHAN,JODHPUR,NORTH 2,342006
350,0446,RANIWARA,RAJASTHAN,RANIWARA,NORTH 2,343040
351,0452,SURSAGAR,RAJASTHAN,JODHPUR,NORTH 2,342024
352,0453,BORANADA,RAJASTHAN,JODHPUR,NORTH 2,342012
353,0454,ASSANDH,HARYANA,ASSAND,NORTH 2,132039
354,0456,GORDHANVILAS,RAJASTHAN,UDAIPUR,NORTH 2,313001
355,0457,GOWARI,RAJASTHAN,DOONGARPUR,NORTH 2,314025
356,0459,SAIFAI,UTTAR PRADESH,ETAWAH,NORTH 2,206130
357,0464,NIGDHU,HARYANA,KURUKSHETRA,NORTH 2,132157
358,0466,ISRANA,HARYANA,GOHANA,NORTH 2,132107
359,0468,CHHACHHRAULI,HARYANA,JAGADHRI REACH,NORTH 2,135103
360,0471,JAMALPUR,UTTAR PRADESH,FIROZABAD,NORTH,283203
361,0472,SIKRI HISSA IV,UTTAR PRADESH,AGRA,NORTH,283110
362,0474,SIRSA ETAWAH,UTTAR PRADESH,ETAWAH,NORTH 2,206123
363,0475,KUNDOL,UTTAR PRADESH,ETAWAH,NORTH 2,206125
364,0479,KALARHERI,HARYANA,AMBALA,NORTH 2,133001
365,0483,KHARAMAU,UTTAR PRADESH,KANNUAJ,NORTH 2,209202
366,0484,TANDA SADAT,UTTAR PRADESH,BAREILLY,NORTH 2,262407
367,0491,DHANWA/DHAWA,UTTAR PRADESH,LUCKNOW,NORTH 2,227105
368,0493,KAKARMATTA,UTTAR PRADESH,VARANASI,NORTH 2,221004
369,0495,CHITAURA,UTTAR PRADESH,AGRA,NORTH,283125
370,0506,NAREPAR UPARWAR,UTTAR PRADESH,BHADOHI,NORTH 2,221309
371,0507,AHIMANPUR,UTTAR PRADESH,BHADOHI,NORTH 2,221306
372,0508,PAIKARAMAU,UTTAR PRADESH,LUCKNOW,NORTH 2,226026
373,0511,NAWANSHAHR,PUNJAB,NAWANSHAHAR,NORTH 2,144514
374,0519,AMINABAD,UTTAR PRADESH,LUCKNOW,NORTH 2,226018
375,0520,"URBAN ESTATE FOCAL
POINT",PUNJAB,LUDHIANA,NORTH 2,141010
376,0522,ROBERTSGANJ,UTTAR PRADESH,ROBERTGANJ,NORTH,231216
377,0528,ANAURA KALA,UTTAR PRADESH,LUCKNOW,NORTH 2,227105
378,0541,HARDUAGANJ,UTTAR PRADESH,ALIGARH,NORTH,202125
379,0542,GOMTI NAGAR LUCKNOW,UTTAR PRADESH,LUCKNOW,NORTH 2,226010
380,0543,ALAMBAGH LUCKNOW,UTTAR PRADESH,LUCKNOW,NORTH 2,226005
381,0550,ALIGANJ LUCKNOW,UTTAR PRADESH,LUCKNOW,NORTH 2,226020
382,0557,BHAISAMAU,UTTAR PRADESH,LUCKNOW,NORTH 2,227202
383,0562,VAISHALI NAGAR JAIPUR,RAJASTHAN,JAIPUR,NORTH 2,302020
384,0563,INDIRA NAGAR LUCKNOW,UTTAR PRADESH,LUCKNOW,NORTH 2,226016
385,0568,CHOWK LUCKNOW,UTTAR PRADESH,LUCKNOW,NORTH 2,226003
386,0577,GOVIND NAGAR KANPUR,UTTAR PRADESH,KANPUR,NORTH 2,208006
387,0578,AJITPUR,UTTAR PRADESH,RAMPUR,NORTH,244901
388,0586,BANGA,PUNJAB,BANGA,NORTH 2,144505
389,0592,MALVEA NAGAR JAIPUR,RAJASTHAN,JAIPUR,NORTH 2,302018
390,0593,BAPU NAGAR JAIPUR,RAJASTHAN,JAIPUR,NORTH 2,302005
391,0594,BANIPARK JAIPUR,RAJASTHAN,JAIPUR,NORTH 2,302016
392,0596,SEC 27 CHANDIGARH,CHANDIGARH,CHANDIGARH,NORTH 2,160019
393,0597,SEC 16 CHANDIGARH,CHANDIGARH,CHANDIGARH,NORTH 2,160015
394,0598,"VIDYADHAR NAGAR
JAIPUR",RAJASTHAN,JAIPUR,NORTH,302023
395,0601,SECTOR 20 PANCHKULA,CHANDIGARH,PANCHKULA,NORTH 2,134116
396,0609,JALMANA,HARYANA,ASSAND,NORTH,132039
397,0610,ROR CHHAPPAR,HARYANA,YAMUNANAGAR,NORTH 2,135003
398,0611,NAGLA MEGHA,HARYANA,KARNAL,NORTH,132037
399,0612,MAUJGARH,HARYANA,MULLANA,NORTH 2,133201
400,0613,KC RESIDENCY JAMMU,JAMMU & KASHMIR,JAMMU,NORTH 2,180001
401,0614,BAHADURPUR,HARYANA,JAGADHRI REACH,NORTH 2,135021
402,0615,RAIPUR RANI,HARYANA,PANCHKULA,NORTH,134204
403,0616,JAGDISHPURA,HARYANA,KAITHAL,NORTH 2,136027
404,0617,"MANIMAJRA
CHANDIGARH",CHANDIGARH,CHANDIGARH,NORTH,160101
405,0618,SEC32 CHANDIGARH,CHANDIGARH,CHANDIGARH,NORTH,160031
406,0620,ZIRAKHPUR MOHALI,PUNJAB,ZIRAKPUR,NORTH,140603
407,0621,SEC 54 PHASE II MOHALI,PUNJAB,MOHALI,NORTH,160055
408,0654,"CHAMMO
KALAN/CHAMUN",HARYANA,PEHOWA,NORTH,136129
409,0655,MAJRA MUTSAL BHALAKI,HARYANA,NEEMRANA,NORTH 2,123102
410,0656,FARWAIN,HARYANA,SIRSA,NORTH,125055
411,0657,BARNA,HARYANA,KURUKSHETRA,NORTH,136119
412,0658,MANBHARWALA,HARYANA,JAGADHRI REACH,NORTH,135021
413,0659,MACHHROULI,HARYANA,PANIPAT,NORTH,132103
414,0660,FARIDPUR,HARYANA,PANIPAT,NORTH,132103
415,0661,,HARYANA,KARNAL,NORTH 2,132001
416,0668,SEC 67 MOHALI,PUNJAB,MOHALI,NORTH,160062
417,0669,SEC47 CHANDIGARH,CHANDIGARH,CHANDIGARH,NORTH,160047
418,0670,KALWAR ROAD JAIPUR,RAJASTHAN,JAIPUR,NORTH,302012
419,0674,LAKHAN MAJRA,HARYANA,ROHTAK,NORTH,124514
420,0675,NIAWAL,HARYANA,KARNAL,NORTH,132023
421,0679,CHANDIGARH INDL AREA I,CHANDIGARH,CHANDIGARH,NORTH,160002
422,0699,SANGHAR SARISHTA,HARYANA,BAHAUDIN,NORTH,125054
423,0700,MUSTAFABAD,HARYANA,JAGADHRI REACH,NORTH,133103
424,0701,DARIYAPUR/DARYAPUR,HARYANA,FATEHABAD,NORTH,125050
425,0704,RIDHI SIDHI JAIPUR,RAJASTHAN,JAIPUR,NORTH,302018
426,0707,CHAURA RASTA JAIPUR,RAJASTHAN,JAIPUR,NORTH,302001
427,0710,JAWAHAR NAGAR JAIPUR,RAJASTHAN,JAIPUR,NORTH,302004
428,0713,VIKAS NAGAR LUCKNOW,UTTAR PRADESH,LUCKNOW,NORTH,226022
429,0715,MALLEKAN MANDI,HARYANA,SIRSA,NORTH,125055
430,0719,PURANI CHUNGI JAIPUR,RAJASTHAN,JAIPUR,NORTH,302019
431,0722,JANKIPURAM LUCKNOW,UTTAR PRADESH,LAUKHNOW,NORTH,226091
432,0723,ASHIYANA LUCKNOW,UTTAR PRADESH,LUCKNOW,NORTH,226012
433,0732,SEC 70 MOHALI,PUNJAB,MOHALI,NORTH,160070
434,0734,BAREILLY JANAKPURI,UTTAR PRADESH,BAREILLY,NORTH,243001
435,0736,RUDRAPUR,UTTARAKHAND,RUDRAPUR,NORTH,263153
436,0738,KANNAUJ KANNAUJ,UTTAR PRADESH,KANNAUJ,NORTH,209725
437,0739,KAIMGANJ FARRUKHABAD,UTTAR PRADESH,FARUKHABAD,NORTH,207502
438,0743,SEC 40 CHANDIGARH,CHANDIGARH,CHANDIGARH,NORTH,160036
439,0744,BALOTRA RAJASTHAN,RAJASTHAN,BALOTRA,NORTH,344022
440,0749,PANIPAT,HARYANA,PANIPAT,NORTH,132103
441,0759,FATEHABAD,HARYANA,FATEHABAD,NORTH,125050
442,0769,BEGOWAL,PUNJAB,BEGOWAL,NORTH,144621
443,0772,GHOREWAHI,PUNJAB,JALANDHAR,NORTH,144201
444,0773,KAPUR PIND,PUNJAB,JALANDHAR,NORTH,144025
445,0774,RAMPUR KHALYAN,PUNJAB,PHAGWARA,NORTH,144405
446,0775,BHULPUR,PUNJAB,OUTER HOSHIARPUR,NORTH,144202
447,0776,LALLIAN KHURD,PUNJAB,JALLANDHAR,NORTH,144026
448,0777,RAJGOMAL,PUNJAB,JALANDHAR,NORTH,144031
449,0778,JHINGARAN,PUNJAB,BANGA,NORTH,144507
450,0779,KARIHA/KARIHAN,PUNJAB,BANGA,NORTH,144508
451,0780,MAJITHMANDI AMRITSAR,PUNJAB,AMRITSAR,NORTH,143001
452,0783,SHARAKPUR,PUNJAB,JALANDHAR,NORTH,144042
453,0784,SAPRORE,PUNJAB,PHAGWARA,NORTH,144403
454,0785,BHAGANA,PUNJAB,PHAGWARA,NORTH,144405
455,0786,CHAK MAI DASS,PUNJAB,NAVASAHER,NORTH,144201
456,0787,CHAUHRA,PUNJAB,GARHSHANKER,NORTH,144527
457,0788,MADHOPUR,PUNJAB,KAPURTHALA,NORTH,144623
458,0789,SEC 22 CHANDIGARH,CHANDIGARH,CHANDIGARH,NORTH,160022
459,0791,JAND,PUNJAB,DASUYA,NORTH,144205
460,0801,TANDA ROAD JALANDHAR,PUNJAB,JALANDHAR,NORTH,144004
461,0802,KAPURTHALA,PUNJAB,KAPURTHALA,NORTH,144601
462,0816,JAGRAON,PUNJAB,JAGRAON,NORTH,142026
463,0826,SECTOR 20D CHANDIGARH,CHANDIGARH,CHANDIGARH,NORTH,160020
464,0834,"BURZULLA SRINAGAR J&K
NOIDA",JAMMU & KASHMIR,SRINAGAR,NORTH,190005
465,0835,"SECTOR 38D CHANDIGARH
TRICITY",CHANDIGARH,CHANDIGARH,NORTH,160038
466,0869,YAMUNANAGAR,HARYANA,YAMUNANAGAR,NORTH,135001
467,0877,SIRSA,HARYANA,SIRSA,NORTH,125055
468,0890,SOLAN,HIMACHAL PRADESH,BAROG,NORTH,173211
469,0895,ANDLU,PUNJAB,OUTER LUDHIANA,NORTH,141108
470,0896,KAKKARWAL,PUNJAB,MALOUT,NORTH,152101
471,0897,BALAD KALAN,PUNJAB,MALOUT,NORTH,152113
472,0898,KHEOWLI,PUNJAB,MALOUT,NORTH,152113
473,0899,LALBAI,PUNJAB,MALOUT,NORTH,152101
474,0903,JATPURA,PUNJAB,OUTER LUDHIANA,NORTH,142034
475,0914,FAZILKA,PUNJAB,FAZILKA,NORTH,152123
476,0919,RAJPURA,PUNJAB,RAJPURA,NORTH,140401
477,0920,MOGA,PUNJAB,MOGA,NORTH,142001
478,0934,PATHANKOT,PUNJAB,PATHANKOT,NORTH,145001
479,0941,CHHAUDHRIWALA,PUNJAB,TARAN,NORTH,143049
480,0942,DANGIAN,PUNJAB,OUTER LUDHIANA,NORTH,142035
481,0943,MEERANKOT KHURD,PUNJAB,AMRITSAR OUTER,NORTH,143101
482,0944,NEW NAG,PUNJAB,AMRITSAR,NORTH,143601
483,0945,SOHAN KALAN,PUNJAB,AMRITSAR,NORTH,143601
484,0946,WARRING,PUNJAB,MUKTSAR EXPANSION,NORTH,152025
485,0949,SADIQ,PUNJAB,FARIDKOT,NORTH,151212
486,0973,KALER,PUNJAB,AMRITSAR OUTER,NORTH,143101
487,0974,GUJJA PEER,PUNJAB,AMRITSAR,NORTH,143102
488,0986,GHILORI,PUNJAB,PATIALA,NORTH,147001
489,0987,TARKHERI KALAN,PUNJAB,PATIALA,NORTH,147104
490,0995,FATEHWAL,PUNJAB,"AMRITSAR CONNECT
INDIA",NORTH,143111
491,0996,TALWANDI KALAN,PUNJAB,OUTER LUDHIANA,NORTH,142025
492,0997,MARDANPUR,PUNJAB,RAJPURA,NORTH,140417
493,1001,SECTOR 26 CHANDIGARH,CHANDIGARH,CHANDIGARH,NORTH,160019
494,1009,TARN TARAN,PUNJAB,PUNJAB,NORTH,149401
495,1023,PHASE 7 MOHALI,PUNJAB,MOHALI,NORTH 2,160062
496,1043,"DUGRI ROAD MODEL
LUDHIANA",PUNJAB,LUDHIANA,NORTH,141002
497,1044,"PUTLIGHARAMRITSARPUNJ
AB",PUNJAB,AMRITSAR,NORTH,143001
498,1046,AMBALA CITY,HARYANA,AMBALA,NORTH,134003
499,1050,BHIWANI,HARYANA,BHIWANI,NORTH 2,127021
500,1051,MALERKOTLA,PUNJAB,MALERKOTLA,NORTH,148023
501,1055,SONIPAT,HARYANA,SONEPAT,NORTH,131001
502,1060,AMBALA CANTT,HARYANA,AMBALA,NORTH,133001
503,1090,GURDASPUR,PUNJAB,GURDASPUR,NORTH,143521
504,1095,FARIDKOT,PUNJAB,FARIDKOT,NORTH,151203
505,1106,"BAHADUR KE ROAD
LUDHIANA",PUNJAB,LUDHIANA,NORTH,141008
506,1108,BHAI DESAN,PUNJAB,TALWANDI EXTENSION,NORTH,151509
507,1109,KAUNI,PUNJAB,FARIDKOT,NORTH,151212
508,1110,TEHNA,PUNJAB,FARIDKOT,NORTH,151203
509,1308,ALHORAN,PUNJAB,NABHA,NORTH,147201
510,1320,GHABDAN PUNJAB,PUNJAB,SANGRUR,NORTH,148001
511,1410,PALWAL,HARYANA,PALWAL,NORTH,121102
512,0750,"MUNSHI PULAIA
LUCKNOW",UTTAR PRADESH,LUCKNOW,NORTH,226016
513,0751,SALUMBAR UDAIPUR,RAJASTHAN,RAJASTHAN,NORTH,313027
514,0753,KARACHIKHANA KANPUR,UTTAR PRADESH,KANPUR,NORTH,208001
515,0754,KAKADEO KANPUR,UTTAR PRADESH,KANPUR,NORTH,208025
516,0761,HARIDWAR,UTTARAKHAND,HARIDWAR,NORTH,249407
517,0765,ROORKEE,UTTARAKHAND,ROORKEE,NORTH,247667
518,0767,ASIND,RAJASTHAN,BHILWARA,WEST,311301
519,0768,FATEHPUR,RAJASTHAN,SIKAR,WEST,332301
520,0781,CIVIL LINES KANPUR,UTTAR PRADESH,KANPUR,NORTH,208001
521,0782,LALSOT DAUSA,RAJASTHAN,SAWAI,NORTH,303503
522,0790,KASYA KUSHINAGAR,UTTAR PRADESH,KUSHINAGAR,NORTH,274402
523,0795,P ROAD KANPUR,UTTAR PRADESH,KANPUR,NORTH,208001
524,0797,KOPAGANJ,UTTAR PRADESH,MAU,NORTH,275305
525,0799,AZAMGARH,UTTAR PRADESH,AZAMGARH,NORTH,276001
526,0800,RAE BAREILLY,UTTAR PRADESH,RAEBARELI EXPANSION,NORTH,229001
527,0809,SALEMPUR,UTTAR PRADESH,DEORIA,NORTH,272945
528,0815,SUKHER,RAJASTHAN,UDAIPUR,WEST,313004
529,0818,PRATAPGARH,UTTAR PRADESH,PRATAPGARH,NORTH,230001
530,0819,"AKBARPUR AMBEDKAR
NAGAR",UTTAR PRADESH,TANDA,NORTH,224122
531,0820,SHYAM NAGAR JAIPUR,RAJASTHAN,JAIPUR,WEST,302019
532,0824,BEHROR,RAJASTHAN,NEEMRANA,WEST,301701
533,0825,NEEM KA THANA,RAJASTHAN,KOTPUTALI,WEST,332713
534,0827,"HALDWANI
UTTARAKHAND",UTTARAKHAND,HALDWANI,NORTH,263141
535,0832,"VRINDAVAN YOJANA
LUCKNOW",UTTAR PRADESH,LUCKNOW,NORTH,226014
536,0833,JAJMAU KANPUR,UTTAR PRADESH,KANPUR,NORTH,208010
537,0847,VRINDAVAN MATHURA,UTTAR PRADESH,MATHURA OFFICE,NORTH,281121
538,0848,SAHARANPUR,UTTAR PRADESH,SAHRANPUR,NORTH,247001
539,0855,SRIGANGANAGAR,RAJASTHAN,SRIGANGANAGAR,NORTH,335001
540,0865,CHHINHAT LUCKNOW,UTTAR PRADESH,LUCKNOW,NORTH,226010
541,0866,"VIDHANSABHA MARG
LUCKNOW",UTTAR PRADESH,LUCKNOW,NORTH,226001
542,0867,DAUSA,RAJASTHAN,DAUSA,NORTH,303303
543,0868,JALOR,RAJASTHAN,JALORE,NORTH,343001
544,0882,PILANI,RAJASTHAN,PILANI VK PLAZA,NORTH,333031
545,0883,"BMCH & RC MALVIYA
NAGAR JAIPUR",RAJASTHAN,JAIPUR,NORTH,302006
546,0889,JAISALMER,RAJASTHAN,JAISALMER,NORTH,345001
547,0929,FALNA,RAJASTHAN,PALI EXPANSION,NORTH,306116
548,0933,AMER ROAD JAIPUR,RAJASTHAN,JAIPUR,NORTH,302002
549,0971,KISHANGARH,RAJASTHAN,KISHANGARH,NORTH,305801
550,0982,32 RB FAKIRWALI,RAJASTHAN,SRIGANGANAGAR,NORTH,335041
551,0983,MORPA,RAJASTHAN,KOTA,NORTH,325204
552,0984,DAHRA,RAJASTHAN,KOTA,NORTH,325203
553,0985,RELGAON,RAJASTHAN,KOTA,NORTH,325203
554,0992,LALEWALA 59 LNP –II,RAJASTHAN,GANGANAGER,NORTH,335061
555,0993,ARAYAN 32F,RAJASTHAN,SRIGANGANAGAR,NORTH,335027
556,0994,NARSINGHPURA 49 LLW,RAJASTHAN,RAJASTHAN,NORTH,335025
557,1010,SIKAR,RAJASTHAN,SIKAR,NORTH,332001
558,1016,SAKET NAGAR KANPUR,UTTAR PRADESH,KANPUR,NORTH,208014
559,1018,CHOMU,RAJASTHAN,JAIPUR CHOMU,NORTH,303702
560,1026,C SCHEME JAIPUR,RAJASTHAN,JAIPUR,NORTH,302001
561,1028,VIBHUTIKHAND LUCKNOW,UTTAR PRADESH,LUCKNOW,NORTH,226010
562,1047,BUDAUN,UTTAR PRADESH,BADAUN,NORTH,243601
563,1054,BAHRAICH,UTTAR PRADESH,BAHRAICH,NORTH,271801
564,1061,GODOWLIYA VARANASI,UTTAR PRADESH,VARANASI,NORTH,221001
565,1062,PALI,RAJASTHAN,PALI EXPANSION,WEST,306401
566,1065,PRATAP NAGAR JAIPUR,RAJASTHAN,JAIPUR,NORTH,302033
567,1077,DHAMPUR UP,UTTAR PRADESH,BIJNORE,NORTH,246761
568,1078,BILARA,RAJASTHAN,JODHPUR,WEST,342602
569,1079,BHINDER,RAJASTHAN,UDAIPUR,NORTH,313603
570,1080,NIMBAHERA,RAJASTHAN,NIMBAHERA,WEST,312601
571,1081,PHALODI,RAJASTHAN,PHALODI,NORTH,342301
572,1085,KUCHAMAN CITY,RAJASTHAN,KUCHAMAN CITY,WEST,341508
573,1094,OSIAN,RAJASTHAN,JODHPUR,WEST,342303
574,1100,LADNU,RAJASTHAN,SUJANGARH,WEST,341306
575,1101,FAIZABAD,UTTAR PRADESH,FAIZABAD,NORTH,224001
576,1105,KAMLA NAGAR AGRA,UTTAR PRADESH,AGRA,NORTH,282005
577,1107,MANDALGARH RAJASTHAN,RAJASTHAN,BHILWARA,WEST,311604
578,1309,MALPURA,RAJASTHAN,TONK,WEST,304502
579,1401,KARELI ALLAHABAD,UTTAR PRADESH,ALLAHABAD,NORTH,211016
580,0004,HYDERABAD,ANDHRA PRADESH,HYDERABAD,SOUTH 1,500003
581,0008,BANGALORE,KARNATAKA,BANGALORE,SOUTH 1,560001
582,0039,BASAVANAGUDI,KARNATAKA,BANGALORE,SOUTH 1,560004
583,0057,VIJAYAWADA,ANDHRA PRADESH,VIJAYAWADA,SOUTH 1,520010
584,0058,HUBLI,KARNATAKA,HUBLI,SOUTH 1,580020
585,0060,MYSORE,KARNATAKA,MYSORE,SOUTH 1,570001
586,0061,GUNTUR,ANDHRA PRADESH,GUNTUR,SOUTH 1,522002
587,0063,KURNOOL,ANDHRA PRADESH,KURNOOL JUNCTION,SOUTH 1,518004
588,0067,MANGALORE,KARNATAKA,MANGALORE,SOUTH 1,575001
589,0071,CHITTOOR,ANDHRA PRADESH,CHITTOOR,SOUTH 1,517001
590,0075,ANANTAPUR,ANDHRA PRADESH,ANANTAPUR,SOUTH 1,515001
591,0076,NELLORE,ANDHRA PRADESH,NELLORE,SOUTH 1,524001
592,0077,GUDIVADA,ANDHRA PRADESH,GUDIWADA REACH,SOUTH 1,521301
593,0081,GAJUWAKA,ANDHRA PRADESH,VISHAKHAPATNAM,SOUTH 1,530026
594,0126,KADAPA,ANDHRA PRADESH,CUDDAPAH,SOUTH 1,516001
595,0131,SHIMOGA,KARNATAKA,SHIMOGA,SOUTH 1,577201
596,0134,WARANGAL,ANDHRA PRADESH,WARANGAL,SOUTH 1,506001
597,0166,MALLESHWARAM,KARNATAKA,BANGALORE,SOUTH 1,560003
598,0178,JAYANAGAR V BLOCK,KARNATAKA,BANGALORE,SOUTH 1,560041
599,0183,KODAD,ANDHRA PRADESH,KODAD REACH,SOUTH 1,508206
600,0207,MIRYALGUDA,ANDHRA PRADESH,MIRYALGUDA REACH,SOUTH 1,508207
601,0213,BOMASANDRA,KARNATAKA,BANGALORE,SOUTH 1,560099
602,0214,HOSUR,TAMIL NADU,HOSUR,SOUTH 1,635109
603,0220,MARATHALLI,KARNATAKA,BANGALORE,SOUTH 1,560037
604,0222,BIDADI,KARNATAKA,BIDADI,SOUTH 1,562109
605,0223,THIPPASANDRA,KARNATAKA,BANGALORE,SOUTH 1,560086
606,0226,MADHAPUR,ANDHRA PRADESH,HYDERABAD,SOUTH 1,500035
607,0229,JAKKASANDRA,KARNATAKA,BANGALORE,SOUTH 1,560034
608,0231,GADDIANNARAM,ANDHRA PRADESH,HYDERABAD,SOUTH 1,500060
609,0253,MEDAK,ANDHRA PRADESH,MEDAK REACH,SOUTH 1,502110
610,0261,NIZAMPET,ANDHRA PRADESH,HYDERABAD,SOUTH 1,500090
611,0288,DEVANAHALLI,KARNATAKA,DEVANHALLI,SOUTH 1,562110
612,0289,MIYAPUR,ANDHRA PRADESH,HYDERABAD,SOUTH 1,500052
613,0290,KARKHAANA,ANDHRA PRADESH,HYDERABAD,SOUTH 1,500009
614,0292,SADASIVPET,ANDHRA PRADESH,SANGAREDDY,SOUTH 1,502291
615,0293,VICRABAD,ANDHRA PRADESH,VIKARABAD REACH,SOUTH 1,501101
616,0294,HBR LAYOUT,KARNATAKA,BANGALORE,SOUTH 1,560043
617,0295,SARPAVARAM,ANDHRA PRADESH,KAKINADA,SOUTH 1,533003
618,0309,KOTHAVALASA,ANDHRA PRADESH,PENDURTHY,SOUTH 1,535183
619,0310,NAKAPALLE,ANDHRA PRADESH,TUNI,SOUTH 1,531081
620,0320,SOMAJIGUDA,ANDHRA PRADESH,HYDERABAD,SOUTH 1,500082
621,0329,KOMPALLY,ANDHRA PRADESH,HYDERABAD,SOUTH 1,500014
622,0331,NEELAMANGALA,KARNATAKA,BANGALORE,SOUTH 1,562123
623,0333,SADASHIVNAGAR,KARNATAKA,BANGALORE,SOUTH 1,560080
624,0354,JP NAGAR 6TH PHASE,KARNATAKA,BANGALORE,SOUTH 1,560078
625,0356,TOLICHOWKI,ANDHRA PRADESH,HYDERABAD,SOUTH 1,500008
626,0359,RAJAMUNDHRY,ANDHRA PRADESH,RAJAHMUNDRY,SOUTH 1,533103
627,0364,CHICKMAGALUR,KARNATAKA,CHIKMAGALUR,SOUTH 1,577101
628,0390,RAMACHANDRAPURAM,ANDHRA PRADESH,WARDA,SOUTH 1,533255
629,0496,CHOUTUPPAL,ANDHRA PRADESH,CHOUTUPPAL REACH,SOUTH 1,508252
630,0504,BANJARA HILL,ANDHRA PRADESH,HYDERABAD,SOUTH 1,500034
631,0569,KUKATPALLY HYDERABAD,ANDHRA PRADESH,HYDERABAD,SOUTH 1,500072
632,0570,TARNAKA HYD,ANDHRA PRADESH,HYDERABAD,SOUTH 1,500017
633,0575,"SAHAKARANAGAR
BANGALORE",KARNATAKA,BANGALORE,SOUTH 1,560092
634,0576,UDYAVARA,KARNATAKA,MANIPAL,SOUTH 1,574118
635,0581,VISAKHAPATNAM,ANDHRA PRADESH,VISHAKHAPATNAM,SOUTH 1,530002
636,0681,SEETHAMDHARA,ANDHRA PRADESH,VISHAKHAPATNAM,SOUTH 1,530013
637,0740,"AS RAO NAGAR
HYDERABAD",ANDHRA PRADESH,HYDERABAD,SOUTH 1,500062
638,0741,"RAJARAJESHWARI NAGAR
BANGALORE",KARNATAKA,BANGALORE,SOUTH 1,560098
639,0771,DWARKANAGAR VIZAG,ANDHRA PRADESH,VISHAKHAPATNAM,SOUTH,530016
640,0810,S R NAGAR HYDERABAD,TELANGANA,HYDERABAD,SOUTH,500038
641,0823,"ONE TOWN AREA
VIJAYWADA",ANDHRA PRADESH,VIJAYAWADA,SOUTH,520001
642,0839,LBNAGAR HYDERABAD,TELANGANA,HYDERABAD,SOUTH,500074
643,0845,KOTHAPET GUNTUR,ANDHRA PRADESH,GUNTUR,SOUTH,522001
644,0864,GACHIBOWLI HYDERABAD,TELANGANA,HYDERABAD,SOUTH,500032
645,0876,TANUKU,ANDHRA PRADESH,TANUKU,SOUTH,534211
646,0893,AMALAPURAM,ANDHRA PRADESH,AMALAPURAM,SOUTH,533201
647,0894,WHITEFIELD BANGALORE,KARNATAKA,BANGALORE,SOUTH,560048
648,0948,CHINAMIRAM,ANDHRA PRADESH,BHIMAVARAM,SOUTH,534204
649,0269,AUNDH,MAHARASHTRA,PUNE,WEST,411004
650,0271,PIMPRI CHINCHWAD,MAHARASHTRA,PUNE,WEST,411019
651,0274,C A ROAD,MAHARASHTRA,NAGPUR,WEST,440008
652,0307,KALYANI NAGAR,MAHARASHTRA,PUNE,WEST,411014
653,0380,VIMAN NAGAR,MAHARASHTRA,PUNE,WEST,411014
654,0384,KOTHRUD,MAHARASHTRA,PUNE,WEST,411038
655,0386,PORVORIM,GOA,PERNEM,WEST,403512
656,0399,SHIKRAPUR,MAHARASHTRA,SANASWADI,WEST,412208
657,0416,CHANDRAPUR,MAHARASHTRA,CHANDRAPUR,WEST,442402
658,0477,ARWADE,MAHARASHTRA,TASGAON,WEST,416312
659,0478,DARODA,MAHARASHTRA,MAHARSTRA,WEST,442307
660,0488,YERLA,MAHARASHTRA,NAGPUR,WEST,441501
661,0490,GIJAVANE,MAHARASHTRA,KOLHAPUR,WEST,412516
662,0494,KARMOLI,MAHARASHTRA,PIRANGUT,WEST,412108
663,0527,"KINGSWAY SADAR
NAGPUR",MAHARASHTRA,NAGPUR,WEST,440001
664,0539,BHOKARA,MAHARASHTRA,NAGPUR,WEST,441111
665,0545,JARIPATKA NAGPUR,MAHARASHTRA,NAGPUR,WEST,440014
666,0547,DHANTOLI NAGPUR,MAHARASHTRA,NAGPUR,WEST,440012
667,0560,BYRAMJI TOWN NAGPUR,MAHARASHTRA,NAGPUR,WEST,440013
668,0561,WARDHA ROAD NAGPUR,MAHARASHTRA,NAGPUR,WEST,440015
669,0583,SOLAPUR,MAHARASHTRA,SOLAPUR,WEST,413001
670,0584,AMRAVATI,MAHARASHTRA,AMRAVATI,WEST,444601
671,0585,SATARA,MAHARASHTRA,SATARA,WEST,415001
672,0589,AKOLA,MAHARASHTRA,AKOLA,WEST,444001
673,0644,SONALI,MAHARASHTRA,GADHINGLAJ,WEST,416219
674,0645,ARJUNWADA,MAHARASHTRA,KOLAPUR,WEST,416208
675,0646,DHARANGUTTI,MAHARASHTRA,KOLAPUR,WEST,416102
676,0647,KERLE,MAHARASHTRA,KOLHAPUR,WEST,416229
677,0648,GHOGAON,MAHARASHTRA,PALUS,WEST,416309
678,0649,RAMAPUR,MAHARASHTRA,SANGALI,WEST,415303
679,0650,SANDGEWADI,MAHARASHTRA,PALUS,WEST,416310
680,0651,DAHIWADI,MAHARASHTRA,TASGAON,WEST,416311
681,0652,GHATNANDRE,MAHARASHTRA,SANGALI,WEST,416405
682,0653,CHOKAK,MAHARASHTRA,ICHALKARANJI,WEST,416118
683,0688,DINDNEVLI,MAHARASHTRA,KAGAL,WEST,416207
684,0689,MALE,MAHARASHTRA,KOLHAPUR,WEST,416114
685,0690,BASARGE,MAHARASHTRA,KOLHAPUR,WEST,416506
686,0691,BOLWAD,MAHARASHTRA,SANGLI,WEST,416410
687,0692,WASUMBE,MAHARASHTRA,TASGAON,WEST,416312
688,0693,PADAVALWADI,MAHARASHTRA,SANGALI,WEST,416313
689,0694,KANDALGAON,MAHARASHTRA,KOLHAPUR,WEST,416013
690,0705,MEDICAL SQUARE NAGPUR,MAHARASHTRA,NAGPUR,WEST,440009
691,0725,FRIENDS COLONY NAGPUR,MAHARASHTRA,NAGPUR,WEST,440013
692,0746,BHANDARKAR ROAD PUNE,MAHARASHTRA,PUNE,WEST,411004
693,0830,SHIRWAL SATARA,MAHARASHTRA,SHIRWAL,WEST,412801
694,0837,RATNAGIRI,MAHARASHTRA,RATNAGIRI,WEST,415612
695,0967,"SANJAYNAGAR
BANGALORE",KARNATAKA,BANGALORE,SOUTH,560094
696,1004,NUZVID,ANDHRA PRADESH,NUZVID,SOUTH,521201
697,1013,HSR LAYOUT BANGALORE,KARNATAKA,BANGALORE,SOUTH,560102
698,1014,K H ROAD BANGALORE,KARNATAKA,BANGALORE,SOUTH,560027
699,1015,"YELAHANKA NEW TOWN
BANGALORE",KARNATAKA,BANGALORE,SOUTH,560064
700,1052,"HIMAYATNAGAR
HYDERABAD",TELANGANA,HYDERABAD,SOUTH,500029
701,1063,TIRUPATHI,ANDHRA PRADESH,TIRUPATI,SOUTH,517501
702,1082,RAGADAPA,TELANGANA,MIRYALGUDA REACH,SOUTH,508207
703,1086,BELGAUM,KARNATAKA,BELGAUM,SOUTH,590006
704,1091,JUBILEE HILLS HYDERABAD,TELANGANA,HYDERABAD,SOUTH,500033
705,1099,ELURU,ANDHRA PRADESH,ELURU,SOUTH,534002
706,1103,"VIDYARANYAPURA
BANGALORE",KARNATAKA,BANGALORE,SOUTH,560097
707,1400,MVP COLONY VIZAG,ANDHRA PRADESH,VISHAKHAPATNAM,SOUTH,530017
708,1405,"EAST MARREDAPALLY
HYDERABAD",TELANGANA,HYDERABAD,SOUTH,500026
709,1407,"JAMBUVARIPALLE
BANGARUPALEM",ANDHRA PRADESH,CHITTOOR,SOUTH,517416
710,1408,HUZURABAD,TELANGANA,"KESHAVAPATNAM
REACH",SOUTH,505468
711,1420,RT NAGAR BANGALORE,KARNATAKA,BANGALORE,SOUTH,560032
712,0007,CHENNAI,TAMIL NADU,CHENNAI,SOUTH 2,600034
713,0010,KOCHI,KERALA,KOCHI,SOUTH 2,682035
714,0021,COIMBATORE,TAMIL NADU,COIMBATORE,SOUTH 2,641037
715,0034,ERODE,TAMIL NADU,ERODE,SOUTH 2,638011
716,0046,ANNANAGAR,TAMIL NADU,CHENNAI,SOUTH 2,600040
717,0050,THIRUVANTHAPURAM,KERALA,"THIRUVANANTHAPURA
M",SOUTH 2,695010
718,0051,ADYAR,TAMIL NADU,CHENNAI,SOUTH 2,600020
719,0080,AVINASHI,TAMIL NADU,AVINASHI,SOUTH 2,641654
720,0087,KAZHAKUTTOM,KERALA,"THIRUVANANTHAPURA
M",SOUTH 2,695581
721,0091,KAKKANAD,KERALA,KAKKANAD,SOUTH 2,682037
722,0095,PALAKKAD,KERALA,PALAKKAD,SOUTH 2,678007
723,0110,ALAPPUZHA,KERALA,ALLEPPEY,SOUTH 2,688013
724,0115,TIRUCHIRAPALLI,TAMIL NADU,TIRUCHIRAPALLI,SOUTH 2,620001
725,0116,SALEM,TAMIL NADU,SALEM,SOUTH 2,636016
726,0-0117,1-MADURAI,2-TAMIL NADU,3-MADURAI,4-SOUTH 2,5-625002
727,0118,PONDICHERRY,PONDICHERRY,PONDICHERRY,SOUTH 2,605001
728,0120,KOLLAM,KERALA,KOLLAM,SOUTH 2,691001
729,0135,VELLORE,TAMIL NADU,VELLORE,SOUTH 2,632004
730,0144,KOZHIKODE,KERALA,KOZHIKODE,SOUTH 2,673001
731,0167,RAJAJI SALAI,TAMIL NADU,CHENNAI,SOUTH 2,600001
732,0174,RAMNAGAR,TAMIL NADU,COIMBATORE,SOUTH 2,641009
733,0177,ASHOK NAGAR,TAMIL NADU,CHENNAI,SOUTH 2,600083
734,0180,TRISSUR,KERALA,THRISSUR,SOUTH 2,680022
735,0182,COONOOR,TAMIL NADU,COONOOR,SOUTH 2,643101
736,0186,KOTTAYAM,KERALA,KOTTAYAM,SOUTH 2,686002
737,0187,KANNUR,KERALA,KANNUR,SOUTH 2,670001
738,0188,MALAPPURAM,KERALA,MALAPPURAM,SOUTH 2,676519
739,0189,NAMAKKAL,TAMIL NADU,NAMAKKAL,SOUTH 2,637001
740,0192,THIRUVALLA,KERALA,THIRUVALLA,SOUTH 2,689101
741,0201,SIVAKASI,TAMIL NADU,SIVAKASI,SOUTH 2,626123
742,0202,DHARMAPURI,TAMIL NADU,DHARMAPURI,SOUTH 2,636705
743,0203,SANKARI,TAMIL NADU,SANKARIDURG,SOUTH 2,637301
744,0204,KARUR,TAMIL NADU,KARUR,SOUTH 2,639002
745,0210,PERINTHALMANNA,KERALA,PERINTALMANNA,SOUTH 2,679322
746,0211,KATTAPPANA,KERALA,KATTAPPANA,SOUTH 2,685508
747,0227,ALUVA,KERALA,ALUWA,SOUTH 2,683101
748,0230,MOWLIVAKKAM,TAMIL NADU,CHENNAI,SOUTH 2,600116
749,0236,MADIPPAKKAM,TAMIL NADU,CHENNAI,SOUTH 2,600091
750,0247,ARANTHANGI,TAMIL NADU,ARANTHANGI,SOUTH 2,614616
751,0248,THIRUVALLUR,TAMIL NADU,TIRUVALLUR REACH,SOUTH 2,602001
752,0257,ADOOR,KERALA,ADUR,SOUTH 2,691523
753,0291,SRIPERUMBUDUR,TAMIL NADU,SRIPERUMBUDUR,SOUTH 2,602105
754,0296,SIRKALI,TAMIL NADU,SIRKALI,SOUTH 2,609110
755,0315,TEYNAMPET,TAMIL NADU,CHENNAI,SOUTH 2,600018
756,0327,OMALUR,TAMIL NADU,OMALUR,SOUTH 2,636455
757,0328,T NAGAR,TAMIL NADU,CHENNAI,SOUTH 2,600017
758,0339,VALSARAVAKKAM,TAMIL NADU,CHENNAI,SOUTH 2,600087
759,0361,KILPAUK,TAMIL NADU,CHENNAI,SOUTH 2,600010
760,0363,THRIPPUNITHARA,KERALA,TRIPUNITHURA,SOUTH 2,682301
761,0381,AMINJIKARAI,TAMIL NADU,CHENNAI,SOUTH 2,600029
762,0387,TUTICORIN,TAMIL NADU,TUTICORIN,SOUTH 2,628002
763,0388,MEDAVAKKAM,TAMIL NADU,PALLIKARNAI,SOUTH 2,600100
764,0391,DINDIGUL,TAMIL NADU,DINDIGUL,SOUTH 2,624001
765,0392,KESAVADASAPURAM,KERALA,"THIRUVANANTHAPURA
M",SOUTH 2,695004
766,0413,KODUNGALLUR,KERALA,KODUNGALLUR,SOUTH 2,680664
767,0492,KASARGOD,KERALA,KASARAGOD,SOUTH 2,671121
768,0521,R S PURAM,TAMIL NADU,COIMBATORE,SOUTH 2,641002
769,0564,"CHANGANACHERRY/CHAN
GANASSERY",KERALA,CHANGANACHERRY,SOUTH 2,686101
770,0567,"EAST MOGAPPAIR
CHENNAI",TAMIL NADU,CHENNAI,SOUTH 2,600037
771,0580,TIRUPUR,TAMIL NADU,TIRUPUR,SOUTH 2,641604
772,0606,VELACHERRY,TAMIL NADU,CHENNAI,SOUTH 2,600042
773,0760,PALARIVATTOM KOCHI,KERALA,KOCHI,SOUTH,682025
774,0803,ROYAPETTAH CHENNAI,TAMIL NADU,CHENNAI,SOUTH,600014
775,0822,"WEST ANNA NAGAR
CHENNAI",TAMIL NADU,CHENNAI,SOUTH,600040
776,0840,"SAI BABA COLONY
COIMBATORE",TAMIL NADU,COIMBATORE,SOUTH,641011
777,0853,"OPPANAKARA STREET
COIMBATORE",TAMIL NADU,COIMBATORE,SOUTH,641001
778,0854,"CHINMAY NAGAR
CHENNAI",TAMIL NADU,CHENNAI,SOUTH,600092
779,0859,"RAMANATHAPURAM
COIMBATORE",TAMIL NADU,COIMBATORE,SOUTH,641045
780,0860,"NELSON MANICKAM ROAD
CHENNAI",TAMIL NADU,CHENNAI,SOUTH,600029
781,0885,"JAWAHAR ROAD
KADAVANTHARA KOCHI",KERALA,KOCHI,SOUTH,682020
782,0912,GOBICHETTIPALAYAM,TAMIL NADU,GOBICHETTIPALAYAM,SOUTH,638452
783,0913,VADAVALLI COIMBATORE,TAMIL NADU,COIMBATORE,SOUTH,641041
784,0930,KARAMANA TRIVANDRUM,KERALA,"THIRUVANANTHAPURA
M",SOUTH,695002
785,0931,K K NAGAR CHENNAI,TAMIL NADU,CHENNAI,SOUTH,600078
786,0932,PERUNGUDI CHENNAI,TAMIL NADU,CHENNAI,SOUTH,600096
787,0965,"TRICHY ROAD
COIMBATORE",TAMIL NADU,COIMBATORE,SOUTH,641018
788,0966,ALWARPET CHENNAI,TAMIL NADU,CHENNAI,SOUTH,600018
789,0991,THODUPUZHA,KERALA,THODUPUZHA,SOUTH,685584
790,1005,VIRUDHUNAGAR,TAMIL NADU,VIRUDHUNAGAR,SOUTH,626001
791,1011,SELAIYUR CHENNAI,TAMIL NADU,CHENNAI,SOUTH,600073
792,1017,"GN MILLS METTUPALAYAM
COIMBATORE",TAMIL NADU,COIMBATORE,SOUTH,641030
793,1048,MAYILADUTHURAI,TAMIL NADU,MAYILADUTHURAI,SOUTH,609001
794,1053,"POONAMALLEE HIGH
ROAD CHENNAI",TAMIL NADU,CHENNAI,SOUTH,600084
795,1066,EDAPALLI KOCHI,KERALA,KOCHI,SOUTH,682024
796,1092,GANAPATHY COIMBATORE,TAMIL NADU,COIMBATORE,SOUTH,641006
797,1097,KOTTIVAKKAM,TAMIL NADU,CHENNAI,SOUTH,600041
798,1340,ARAKKONAM,TAMIL NADU,ARAKKONAM REACH,SOUTH,631101
799,1370,TAMBARAM CHENNAI,TAMIL NADU,CHENNAI,SOUTH,600045
800,0001,OPERA HOUSE,MAHARASHTRA,MUMBAI,WEST,400004
801,0003,BANDRA,MAHARASHTRA,MUMBAI,WEST,400050
802,0006,NARIMAN POINT,MAHARASHTRA,MUMBAI,WEST,400021
803,0018,ANDHERI,MAHARASHTRA,MUMBAI,WEST,400059
804,0024,VASHI,MAHARASHTRA,NAVIMUMBAI,WEST,400705
805,0028,LOKHANDWALA,MAHARASHTRA,MUMBAI,WEST,400053
806,0033,FORT,MAHARASHTRA,MUMBAI,WEST,400001
807,0040,THANE,MAHARASHTRA,MUMBAI,WEST,400602
808,0047,MULUND,MAHARASHTRA,MUMBAI,WEST,400080
809,0048,KANDIVALI,MAHARASHTRA,MUMBAI,WEST,400067
810,0053,CHEMBUR,MAHARASHTRA,MUMBAI,WEST,400071
811,0056,DADAR,MAHARASHTRA,MUMBAI,WEST,400019
812,0093,PANVEL,MAHARASHTRA,NAVIMUMBAI,WEST,410206
813,0152,GHATKOPAR,MAHARASHTRA,MUMBAI,WEST,400077
814,0153,JUHU,MAHARASHTRA,MUMBAI,WEST,400049
815,0154,KALYAN,MAHARASHTRA,KALYAN,WEST,421301
816,0165,BORIVALI,MAHARASHTRA,MUMBAI,WEST,400092
817,0179,MALAD WEST,MAHARASHTRA,MUMBAI,WEST,400064
818,0237,VASAI,MAHARASHTRA,MUMBAI,WEST,401202
819,0267,NERUL,MAHARASHTRA,NAVIMUMBAI,WEST,400706
820,0268,VILE PARLE EAST,MAHARASHTRA,MUMBAI,WEST,400057
821,0270,BHIWANDI MUMBAI,MAHARASHTRA,BHIWANDI,WEST,421302
822,0332,PRABHADEVI,MAHARASHTRA,MUMBAI,WEST,400025
823,0341,LOWER PAREL,MAHARASHTRA,MUMBAI,WEST,400013
824,0342,BKC,MAHARASHTRA,MUMBAI,WEST,400051
825,0352,KHAR,MAHARASHTRA,MUMBAI,WEST,400052
826,0353,PEDDAR ROAD,MAHARASHTRA,MUMBAI,WEST,400026
827,0357,GHODBUNDER ROAD,MAHARASHTRA,MUMBAI,WEST,400607
828,0358,KHARGHAR,MAHARASHTRA,NAVIMUMBAI,WEST,410210
829,0367,KANJURMARG,MAHARASHTRA,MUMBAI,WEST,400078
830,0402,KANDIVALI EAST,MAHARASHTRA,MUMBAI,WEST,400101
831,0406,VASHI SEC 17,MAHARASHTRA,NAVIMUMBAI,WEST,400703
832,0430,KALBADEVI,MAHARASHTRA,MUMBAI,WEST,400002
833,0450,DOMBIVALI EAST,MAHARASHTRA,DOMBIVALI,WEST,421201
834,0470,CRAWFORD MARKET,MAHARASHTRA,MUMBAI,WEST,400001
835,0497,"HIRANANDANI GARDENS
POWAI",MAHARASHTRA,MUMBAI,WEST,400076
836,0503,MAHIM,MAHARASHTRA,MUMBAI,WEST,400016
837,0582,BHAYENDAR,MAHARASHTRA,MUMBAI,WEST,401105
838,0599,CBD BELAPUR,MAHARASHTRA,NAVIMUMBAI,WEST,400614
839,0600,MIRA ROAD,MAHARASHTRA,MUMBAI,WEST,401107
840,0605,ULHASNAGAR,MAHARASHTRA,ULHASNAGAR,WEST,421003
841,0737,MASJID BUNDER MUMBAI,MAHARASHTRA,MUMBAI,WEST,400009
842,0838,"KOPARKHAIRANE NAVI
MUMBAI",MAHARASHTRA,NAVIMUMBAI,WEST,400709
843,0846,"VASANT VIHAR THANE
MUMBAI",MAHARASHTRA,MUMBAI,WEST,400610
844,0862,GOREGAON MUMBAI,MAHARASHTRA,MUMBAI,WEST,400063
845,0908,"KALANAGAR BKC
MUMBAI",MAHARASHTRA,MUMBAI,WEST,400051
846,0989,"MAJIWADA THANE
MUMBAI",MAHARASHTRA,MUMBAI,WEST,400604
847,1000,"NALASOPARA THANE
MUMBAI",MAHARASHTRA,MUMBAI,WEST,401209
848,1008,COLABA MUMBAI,MAHARASHTRA,MUMBAI,WEST,400039
849,1025,KAMOTHE NEW MUMBAI,MAHARASHTRA,NAVIMUMBAI,WEST,410209
850,1027,"GOREGAON WEST
MUMBAI",MAHARASHTRA,MUMBAI,WEST,400104
851,1037,AMBOLI MUMBAI,MAHARASHTRA,MUMBAI,WEST,400058
852,1074,"FOUR BUNGLOWS
MUMBAI",MAHARASHTRA,MUMBAI,WEST,400053
853,1075,SAKI NAKA MUMBAI,MAHARASHTRA,MUMBAI,WEST,400072
854,1096,OSHIWARA MUMBAI,MAHARASHTRA,MUMBAI,WEST,400053
855,1104,DADAR TT MUMBAI,MAHARASHTRA,MUMBAI,WEST,400014
856,1360,"SANTACRUZ EAST KALINA
MUMBAI",MAHARASHTRA,MUMBAI,WEST,400098
857,0829,CHAKAN PUNE,MAHARASHTRA,CHAKAN,WEST,410501
858,0843,BANER PUNE,MAHARASHTRA,PUNE,WEST,411045
859,0863,NIGDI PUNE,MAHARASHTRA,PUNE,WEST,411044
860,0881,FATIMA NAGAR PUNE,MAHARASHTRA,PUNE,WEST,411040
861,0999,WAKAD PUNE,MAHARASHTRA,PUNE,WEST,411057
862,1002,KHARADI PUNE,MAHARASHTRA,PUNE,WEST,411014
863,1007,SAHAKAR NAGAR PUNE,MAHARASHTRA,PUNE,WEST,411009
864,1033,BAVDHAN PUNE,MAHARASHTRA,PUNE,WEST,411021
865,1038,KARVE NAGARPUNE,MAHARASHTRA,PUNE,WEST,411052
866,1039,PIMPLE NILAKH PUNE,MAHARASHTRA,PUNE,WEST,411027
867,1073,PAUD ROAD PUNE,MAHARASHTRA,PUNE,WEST,411038
868,1390,MAGARPATTA ROAD PUNE,MAHARASHTRA,PUNE,WEST,411028
869,0009,AHMEDABAD,GUJARAT,AHMEDABAD,WEST,380006
870,0011,INDORE 1 PALASIA,MADHYA PRADESH,INDORE,WEST,452001
871,0017,VADODARA,GUJARAT,BARODA,WEST,390007
872,0023,SURAT,GUJARAT,SURAT,WEST,395002
873,0042,BHOPAL,MADHYA PRADESH,BHOPAL,WEST,462011
874,0065,JAMNAGAR,GUJARAT,JAMNAGAR,WEST,361001
875,0066,GANDHIDHAM,GUJARAT,GANDHIDHAM,WEST,370201
876,0078,BHAVNAGAR,GUJARAT,BHAVNAGAR,WEST,364002
877,0079,RAJKOT,GUJARAT,RAJKOT,WEST,360001
878,0082,MORBI,GUJARAT,MORBI,WEST,363641
879,0085,VAPI,GUJARAT,VAPI,WEST,396195
880,0089,DHARMAJ,GUJARAT,BORSAD,WEST,388430
881,0092,VALSAD,GUJARAT,VALSAD,WEST,396001
882,0094,BARDOLI,GUJARAT,BARDOLI,WEST,394601
883,0122,JABALPUR,MADHYA PRADESH,JABALPUR,WEST,482001
884,0123,GWALIOR,MADHYA PRADESH,GWALIOR,WEST,474011
885,0155,ANAND,GUJARAT,ANAND,WEST,388001
886,0172,MANJALPUR,GUJARAT,BARODA,WEST,390004
887,0175,MANINAGAR,GUJARAT,AHMEDABAD,WEST,380008
888,0176,SAMROLI,GUJARAT,BILLIMORA,WEST,396521
889,0194,CHHINDWARA,MADHYA PRADESH,"CHHINDWARA
EXPANSION",WEST,480001
890,0196,MEHSANA,GUJARAT,MEHSANA,WEST,384002
891,0205,AMALSAD,GUJARAT,BILLIMORA,WEST,396310
892,0221,HAZIRA,GUJARAT,HAZIRA,WEST,394516
893,0232,BODAKDEV,GUJARAT,AHMEDABAD,WEST,380054
894,0240,RAJPIPLA,GUJARAT,RAJPIPLA,WEST,393145
895,0241,SHUJALPUR,MADHYA PRADESH,ASHTA,WEST,465333
896,0242,BARWANI,MADHYA PRADESH,BARWANI,WEST,451551
897,0243,MANDLA,MADHYA PRADESH,MANDLA,WEST,481661
898,0265,KAMREJ,GUJARAT,KAMREJ,WEST,394185
899,0272,NAVSARI,GUJARAT,NAVSARI,WEST,396445
900,0273,GANDHINAGAR,GUJARAT,GANDHINAGAR,WEST,382011
901,0300,GOHAD,MADHYA PRADESH,GWALIOR,WEST,477116
902,0308,BHUJ,GUJARAT,BHUJ,WEST,370001
903,0317,ASHTA,MADHYA PRADESH,ASHTA,WEST,466116
904,0-0322,1-MAIHAR,2-MADHYA PRADESH,3-MAIHAR,4-WEST,5-485771
905,0323,PANDHURNA,MADHYA PRADESH,PANDHURNA,WEST,480334
906,0330,PRAHLAD NAGAR,GUJARAT,AHMEDABAD,WEST,380051
907,0336,PIPARIYA,MADHYA PRADESH,PIPARIA,WEST,461775
908,0378,INDORE 2 SAPAN SANEETA,MADHYA PRADESH,INDORE,WEST,452004
909,0400,NADIAD,GUJARAT,NADIAD,WEST,387001
910,0403,RAJKOT 2,GUJARAT,RAJKOT,WEST,360007
911,0414,NARANPAR PASAYALI,GUJARAT,BHUJ,WEST,370429
912,0415,ANKLESHWAR,GUJARAT,ANKLESHWAR,WEST,393001
913,0448,ORCHHA,MADHYA PRADESH,TIKAMGARH,WEST,472246
914,0449,HOSHANGABAD,MADHYA PRADESH,HOSHANGABAD,WEST,461001
915,0455,CHANGODAR,GUJARAT,BAVLA,WEST,382213
916,0458,BINA,MADHYA PRADESH,BINA,WEST,470113
917,0473,BADJHIRI,MADHYA PRADESH,BHOPAL,WEST,462044
918,0476,DIWANGANJ,MADHYA PRADESH,VIDISHA,WEST,464651
919,0480,UDWADA,GUJARAT,VAPI,WEST,396185
920,0485,KHURERI,MADHYA PRADESH,GWALIOR,WEST,474006
921,0486,RAIRU,MADHYA PRADESH,GWALIOR,WEST,474010
922,0487,SIROL,MADHYA PRADESH,GWALIOR,WEST,474006
923,0500,UMARIYA,MADHYA PRADESH,PITHAMPUR,WEST,453331
924,0501,TALAWALI CHANDA,MADHYA PRADESH,INDORE,WEST,453771
925,0502,KOLUKHEDI BHOPAL,MADHYA PRADESH,BHOPAL,WEST,462030
926,0505,KURANA,MADHYA PRADESH,KAROND,WEST,462036
927,0509,SUKHA,MADHYA PRADESH,JABALPUR,WEST,482002
928,0517,WARASIA,GUJARAT,BARODA,WEST,390006
929,0523,GOTRI ROAD BARODA,GUJARAT,BARODA,WEST,390007
930,0524,NIZAMPURA BARODA,GUJARAT,BARODA,WEST,390001
931,0525,DANDIA BAZAAR BARODA,GUJARAT,BARODA,WEST,390001
932,0529,RAU INDORE,MADHYA PRADESH,PITHAMPUR,WEST,453331
933,0530,VASNA ROAD BARODA,GUJARAT,BARODA,WEST,390007
934,0535,KALOD KARTAL,MADHYA PRADESH,INDORE,WEST,452020
935,0536,BHESLAY,MADHYA PRADESH,INDORE,WEST,453332
936,0537,DEONAGAR,MADHYA PRADESH,SIHORA,WEST,483222
937,0538,DHOLANKHAPA,MADHYA PRADESH,PANDHURNA,WEST,480334
938,0551,SUBHANPURA BARODA,GUJARAT,BARODA,WEST,390023
939,0572,KAREILIBAUG BARODA,GUJARAT,BARODA,WEST,390018
940,0573,VARACHHA ROAD SURAT,GUJARAT,SURAT,WEST,395006
941,0579,HARNIYA KHEDI,MADHYA PRADESH,INDORE,WEST,453446
942,0622,"AHMEDABAD ASHRAM
ROAD",GUJARAT,AHMEDABAD,WEST,380009
943,0623,ASRAWAD BUZURG,MADHYA PRADESH,INDORE,WEST,452016
944,0624,SUTAR KHEDI,MADHYA PRADESH,MHOW,WEST,453441
945,0626,ASRAWAD KHURD,MADHYA PRADESH,INDORE,WEST,452020
946,0627,UMRIKHEDA,MADHYA PRADESH,INDORE,WEST,452007
947,0628,BILAWALI,MADHYA PRADESH,INDORE,WEST,452020
948,0629,AHIRKHEDI,MADHYA PRADESH,INDORE,WEST,452009
949,0630,SANAWADIYA,MADHYA PRADESH,INDORE,WEST,452016
950,0631,BHAVANIPURA,GUJARAT,PETLAD,WEST,388450
951,0632,HERANJ,GUJARAT,NADIAD,WEST,387330
952,0633,MANKWA,GUJARAT,KHEDA EXPANSION,WEST,387130
953,0634,KACHHAI,GUJARAT,KHEDA EXPANSION,WEST,387130
954,0635,GHORA,GUJARAT,UMRETH,WEST,388220
955,0636,SANTHAL,GUJARAT,MEHSANA,WEST,384430
956,0637,KATOSAN/KHADOSAN,GUJARAT,MEHSANA,WEST,384310
957,0638,KHERDA,GUJARAT,UMRETH,WEST,388365
958,0639,BECHARI,GUJARAT,UMRETH,WEST,388220
959,0640,DHEDHAL,GUJARAT,BAVLA,WEST,382220
960,0641,VADU,GUJARAT,KHARALU,WEST,384315
961,0642,VANAGLA,GUJARAT,KHARALU,WEST,384170
962,0643,MEVAD,GUJARAT,MEHSANA,WEST,382710
963,0665,"AHMEDABAD SHYAMAL
CROSS ROAD SHANGRILA",GUJARAT,AHMEDABAD,WEST,380015
964,0666,AHMEDABAD ODHAV,GUJARAT,AHMEDABAD,WEST,382415
965,0667,AHMEDABAD CG ROAD,GUJARAT,AHMEDABAD,WEST,380009
966,0671,BARODA NEW SAMA,GUJARAT,BARODA,WEST,390024
967,0676,AHMEDABAD BOPAL,GUJARAT,AHMEDABAD,WEST,380058
968,0677,BARODA WAGHODIA,GUJARAT,BARODA,WEST,390019
969,0678,"AHMEDABAD VIJAY
CROSS ROAD",GUJARAT,AHMEDABAD,WEST,380009
970,0683,"BARODA ANAND VALABH
VIDYA NAGAR",GUJARAT,ANAND,WEST,388120
971,0684,PANELI,GUJARAT,MORBI,WEST,363642
972,0685,RANGPAR,GUJARAT,MORBI,WEST,363641
973,0686,CHORDI,GUJARAT,GONDAL,WEST,360311
974,0687,DHANALI,GUJARAT,MEHSANA,WEST,382732
975,0706,AHMEDABAD NIKOL,GUJARAT,AHMEDABAD,WEST,382350
976,0712,"AHMEDABAD MANSI
CIRCLE CROSS ROADS
VASTRAPUR",GUJARAT,AHMEDABAD,WEST,380015
977,0720,"AHMEDABAD NEHRU
NAGAR",GUJARAT,AHMEDABAD,WEST,380006
978,0721,"AHMEDABAD SCIENCE
CITY",GUJARAT,AHMEDABAD,WEST,380060
979,0726,"AHMEDABAD
CHANDKHEDA",GUJARAT,AHMEDABAD,WEST,382424
980,0727,AHMEDABAD GHODASAR,GUJARAT,AHMEDABAD,WEST,380050
981,0729,DAMAN DAMAN,DAMAN AND DIU,DAMAN,WEST,396210
982,0752,AHMEDABAD NARODA,GUJARAT,BAVLA,WEST,382220
983,0766,UJJAIN,MADHYA PRADESH,UJJAIN,WEST,456010
984,0793,BORSAD ANAND,GUJARAT,BORSAD,WEST,388540
985,0798,RAISEN,MADHYA PRADESH,RAISIN,WEST,464551
986,0805,SEHORE,MADHYA PRADESH,SEHORE,WEST,466001
987,0808,SENDHWA,MADHYA PRADESH,SINDHWA,WEST,451666
988,0811,UMBERGAON VALSAD,GUJARAT,UMARGAM,WEST,396165
989,0814,DEWAS MP,MADHYA PRADESH,DEWAS,WEST,455001
990,0828,SHAHDOL,MADHYA PRADESH,SHAHDOL,WEST,484001
991,0844,VESU SURAT,GUJARAT,SURAT,WEST,395007
992,0850,"YASHWANT NIWAS ROAD
INDORE",MADHYA PRADESH,INDORE,WEST,452003
993,0851,CLOTH MARKET INDORE,MADHYA PRADESH,INDORE,WEST,452002
994,0852,"MANGALAM COMPLEX
BHARUCH",GUJARAT,BHARUCH,WEST,392002
995,0857,AKOTA BARODA,GUJARAT,BARODA,WEST,390020
996,0861,SEONI,MADHYA PRADESH,SEONI,WEST,480661
997,0871,"ANNAPURNA ROAD
INDORE",MADHYA PRADESH,INDORE,WEST,452009
998,0878,VIJAY NAGAR INDORE,MADHYA PRADESH,INDORE,WEST,452010
999,0879,SIYAGANJ INDORE,MADHYA PRADESH,INDORE,WEST,452007
1000,0880,SHAHIBAUG AHMEDABAD,GUJARAT,AHMEDABAD,WEST,380004
1001,0886,"MADHAPAR BHUJ
KACCHH",GUJARAT,BHUJ,WEST,370020
1002,0907,KANKARIYA PAL,MADHYA PRADESH,"VIJAYNAGAR
EXPANSION",WEST,453551
1003,0935,"PALDI CROSS ROAD
AHMEDABAD",GUJARAT,AHMEDABAD,WEST,380007
1004,0937,MAGOD DUNGRI,GUJARAT,VALSAD,WEST,396020
1005,0940,BANEDIA,MADHYA PRADESH,"VIJAYNAGAR
EXPANSION",WEST,453551
1006,0947,RATLAM,MADHYA PRADESH,RATLAM,WEST,457001
1007,0950,HIMATNAGAR,GUJARAT,HIMMATNAGAR,WEST,383001
1008,0961,DHAR,MADHYA PRADESH,DHAR,WEST,454001
1009,0962,SARKHEJ AHMEDABAD,GUJARAT,AHMEDABAD,WEST,380051
1010,0975,BHADELI JAGALALA,GUJARAT,VALSAD,WEST,396031
1011,0990,ARERA COLONY BHOPAL,MADHYA PRADESH,BHOPAL,WEST,462016
1012,1022,JAORA,MADHYA PRADESH,JAORA,NORTH,457226
1013,1029,KANADIA ROAD INDORE,MADHYA PRADESH,INDORE,WEST,452001
1014,1030,VATVA AHMEDABAD,GUJARAT,AHMEDABAD,WEST,382445
1015,1031,KALUPUR AHMADABAD,GUJARAT,AHMEDABAD,WEST,380001
1016,1058,KATARGAM SURAT,GUJARAT,SURAT,WEST,395004
1017,1083,MANDIDEEP,MADHYA PRADESH,MANDIDEEP,WEST,462046
1018,1084,ASHOKNAGAR,MADHYA PRADESH,ASHOK NAGAR,WEST,473331
1019,1087,PATAN,GUJARAT,PATAN,WEST,384265
1020,1088,"AHINSA CHOWK JABALPUR
MP",MADHYA PRADESH,JABALPUR,WEST,482002
1021,1093,SAGAR,MADHYA PRADESH,SAGAR,WEST,470001
1022,1098,"GURUKUL ROAD
AHMEDABAD",GUJARAT,AHMEDABAD,WEST,380052
1023,1305,SUNVANIGOPAL,MADHYA PRADESH,DEWAS,WEST,455001
1024,1306,BEESAARODA,MADHYA PRADESH,ITARSI,WEST,461111
1025,1307,SUKLYA,MADHYA PRADESH,DEWAS,WEST,455001
1026,1310,GHATLODIA AHMADABAD,GUJARAT,AHMEDABAD,WEST,380061
1027,1330,PANCHED,MADHYA PRADESH,RATLAM,WEST,457223
1028,1380,CHHATARPUR,MADHYA PRADESH,CHHATTARPUR,WEST,471001
1029,1409,YOGI CHAOWK SURAT,GUJARAT,SURAT,WEST,395006
1030,0002,PUNE,MAHARASHTRA,PUNE,WEST,411001
1031,0025,NAGPUR,MAHARASHTRA,NAGPUR,WEST,440010
1032,0062,AURANGABAD,MAHARASHTRA,AURANGABAD,WEST,431001
1033,0074,KOLHAPUR,MAHARASHTRA,KOLHAPUR,WEST,416001
1034,0084,MADGAON,GOA,GOA,WEST,403601
1035,0088,PANJIM,GOA,GOA,WEST,403001
1036,0142,NASHIK,MAHARASHTRA,NASIK,WEST,422005
1037,0173,KONDHWEKHURD,MAHARASHTRA,PUNE,WEST,411048
1038,0233,HINJAWADI,MAHARASHTRA,PUNE,WEST,411057
1039,0258,SANVORDEM,GOA,QUEPEM,WEST,403706
1040,0266,SANGLI,MAHARASHTRA,SANGLI,WEST,416416
1041,0874,AHMADNAGAR,MAHARASHTRA,AHMEDNAGAR,WEST,414001
1042,0875,"CANDOLIM OLD
CALANGUTE",GOA,GOA,WEST,403515
1043,0891,MADHA,MAHARASHTRA,MADHA,WEST,414209
1044,0892,PANDHARPUR,MAHARASHTRA,PANDHARPUR,WEST,414300
1045,0910,KARAD,MAHARASHTRA,KARAD,WEST,415110
1046,0918,NIPHAD,MAHARASHTRA,MANMAD,WEST,422303
1047,0976,CHAREGAON,MAHARASHTRA,KARAD,WEST,415109
1048,0977,BORAMANI,MAHARASHTRA,SOLAPUR,WEST,413002
1049,0978,BELEWADI HAVELI,MAHARASHTRA,KARAD,WEST,415109
1050,0979,HOTGI,MAHARASHTRA,SOLAPUR,WEST,413002
1051,0980,DARGAN HALLI,MAHARASHTRA,SOLAPUR,WEST,413002
1052,0981,RETHARE KHURD,MAHARASHTRA,KARAD,WEST,415108
1053,0988,KALVADE,MAHARASHTRA,KARAD,WEST,415110
1054,0998,PAKANI,MAHARASHTRA,KONDI SOLAPUR,WEST,413255
1055,1003,MAHPUSA,GOA,GOA,WEST,403507
1056,1019,PHALTAN,MAHARASHTRA,PHALTAN,WEST,415523
1057,1020,VASCO,GOA,GOA,WEST,403802
1058,1045,JALGAON,MAHARASHTRA,JALGAON,WEST,425001
1059,1049,PONDA,GOA,GOA,WEST,403401
1060,1402,MANGAON,MAHARASHTRA,MANGAON,WEST,402104
1061,1403,TARELE,MAHARASHTRA,KANKAVALI,WEST,416801
1062,1406,WADIVARHE,MAHARASHTRA,IGATPURI,WEST,422403
1063,1353,BANGALORE RAJAJINAGAR,KARNATAKA,BANGALORE,SOUTH,560010
1064,1354,"BANGALORE
BANASHANKARI",KARNATAKA,BANGALORE,SOUTH,560070
1065,1381,"COX TOWN FRAZER TOWN
BANGALORE",KARNATAKA,BANGALORE,SOUTH,560005
1066,1393,KONDAPUR HYD,TELANGANA,HYDERABAD,SOUTH,500084
1067,1399,"CHANDANA NAGAR
HYDERABAD",TELANGANA,HYDERABAD,SOUTH,500050
1068,1411,MG ROAD HYDERABAD,TELANGANA,HYDERABAD,SOUTH,500003
1069,1418,"JNTU MAIN GATE
HYDERABAD",TELANGANA,HYDERABAD,SOUTH,500072
1070,1419,VIJAYNAGAR BANGALORE,KARNATAKA,BANGALORE,SOUTH,560040
1071,1434,PALAMANER,ANDHRA PRADESH,PALAMANER REACH,SOUTH,517408
1072,1438,UTTARAHALLI BANGALORE,KARNATAKA,BANGALORE,SOUTH,560061
1073,1440,BTM LAYOUT BANGALORE,KARNATAKA,BANGALORE,SOUTH,560076
1074,1441,"BANNERGATTA ROAD
BANG",KARNATAKA,BANGALORE,SOUTH,560076
1075,1449,HOSAKOTE,KARNATAKA,HOSKOTE,SOUTH 1,562114
1076,1454,AECS BANGALORE,KARNATAKA,BANGALORE,SOUTH,560037
1077,1460,"BANJARA HILLS
HYDERABAD",TELANGANA,HYDERABAD,SOUTH,500034
1078,1468,KARIMNAGAR,TELANGANA,KARIMNAGAR,SOUTH,505001
1079,1471,DAVANAGERE,KARNATAKA,DAVANGARE,SOUTH 1,577006
1080,1478,TORANAGAL,KARNATAKA,BALLARY,SOUTH,583153
1081,1479,KAKINADA,ANDHRA PRADESH,KAKINADA,SOUTH,533001
1082,1487,"SARAWATHIPURAM
MYSORE",KARNATAKA,MYSORE,SOUTH 1,570009
1083,1493,"NARAYANGUDA
HYDERABAD",TELANGANA,HYDERABAD,SOUTH,500029
1084,1497,DHARWARD,KARNATAKA,DHARWAD,SOUTH 1,580001
1085,1498,GULBARGA,KARNATAKA,GULBARGA,SOUTH,585103
1086,1507,BALANAGAR HYDERABAD,TELANGANA,HYDERABAD,SOUTH 1,500037
1087,1510,SRIKAKULAM,ANDHRA PRADESH,SRIKAKULAM,SOUTH 1,532001
1088,1517,TUMKUR,KARNATAKA,TUMKUR,SOUTH,572102
1089,1522,"BOTANICAL GARDEN
HYDERABAD",TELANGANA,HYDERABAD,SOUTH 1,500084
1090,1533,BANASWADI BANGALORE,KARNATAKA,BANGALORE,SOUTH 1,560043
1091,1539,"SHIVAM ROAD
HYDERABAD",TELANGANA,HYDERABAD,SOUTH 1,500013
1092,1542,"JAYANAGAR 4TH BLOCK
BANGALORE",KARNATAKA,BANGALORE,SOUTH 1,560041
1093,1543,"JP NAGAR 7TH PHASE
PUTTENHALLI BANGALORE
URBAN",KARNATAKA,BANGALORE,SOUTH 1,560078
1094,1544,"CAMBRIDGE LAYOUT
HALASURU BANGALORE",KARNATAKA,BANGALORE,SOUTH 1,560008
1095,1561,AKKAYAPALEM VIZAG,ANDHRA PRADESH,VISHAKHAPATNAM,SOUTH 1,530016
1096,1571,"TC PALYA ROAD
BANGALORE",KARNATAKA,BANGALORE,SOUTH 1,560036
1097,1574,"KUMARASWAMY LAYOUT
BANGALORE",KARNATAKA,BANGALORE,SOUTH 1,560078
1098,1589,"MATHIKEREBENGALURU
KARNATAKA",KARNATAKA,BANGALORE,SOUTH 1,560054
1099,1603,ABIDS HYDERABAD,TELANGANA,HYDERABAD,SOUTH 1,500001
1100,1615,MADHURWADA VIZAG,ANDHRA PRADESH,VISHAKHAPATNAM,SOUTH 1,530041
1101,1616,JAGTIAL,TELANGANA,JAGTIAL,SOUTH 1,505327
1102,1636,"HENNUR MAIN ROAD
BANGALORE",KARNATAKA,BANGALORE,SOUTH 1,560043
1103,1645,NARSARAOPET,ANDHRA PRADESH,NARSARAOPET,SOUTH 1,522601
1104,1663,"PEENYA INDUSTRIAL AREA
BANGALORE",KARNATAKA,BANGALORE,SOUTH 1,560058
1105,1664,"SRINAGAR COLONY
HYDERABAD",TELANGANA,HYDERABAD,SOUTH 1,500073
1106,1677,"BASAVESHWAR NAGAR
BANGALORE",KARNATAKA,BANGALORE,SOUTH 1,560079
1107,1680,"HYDERABAD
HASTHINAPURAM",TELANGANA,HYDERABAD,SOUTH 1,500079
1108,1681,BANGALORE GIRI NAGAR,KARNATAKA,BANGALORE,SOUTH 1,560085
1109,1686,HYDERABAD KPHB,TELANGANA,HYDERABAD,SOUTH 1,500072
1110,1688,BANGALORE ITPL,KARNATAKA,BANGALORE,SOUTH 1,560066
1111,1689,HYDERABAD KOTHAPET,TELANGANA,HYDERABAD,SOUTH 1,500074
1112,1694,"VIJAYWADA GURUNANAK
COLONY",ANDHRA PRADESH,VIJAYAWADA,SOUTH 1,520008
1113,1701,"YESHWANTHPUR
BANGALORE",KARNATAKA,BANGALORE,SOUTH 1,560022
1114,1703,"KORAMANGALA 5TH
BLOCK BANGALORE",KARNATAKA,BANGALORE,SOUTH 1,560095
1115,0-1705,1-KHAMMAM,2-TELANGANA,3-KHAMMAM,4-SOUTH,5-507001
1116,1706,"MANGALORE BEJAI
CHURCH ROAD",KARNATAKA,MANGALORE,SOUTH 1,575004
1117,1707,KARWAR,KARNATAKA,KARWAR,SOUTH 1,581301
1118,1711,HOSPET KARNATAKA,KARNATAKA,KARWAR,SOUTH 1,581301
1119,1714,HYDERABAD HABBSIGUDA,TELANGANA,HYDERABAD,SOUTH 1,500007
1120,1357,THEVARA KOCHI,KERALA,KOCHI,SOUTH,682013
1121,1557,KOTHAMANGALAM KOCHI,KERALA,KOCHI,SOUTH 2,686691
1122,1588,"MUVATTUPUZHA DIST
ERNAKULAM KERALA",KERALA,MUVATTUPUZHA,SOUTH 2,686661
1123,1514,"MANDAVELLI CHENNAI
TAMILNADU",TAMIL NADU,CHENNAI,SOUTH 2,600028
1124,1572,IRINJALAKUDA THRISSUR,KERALA,IRINJALAKUDA,SOUTH 2,680121
1125,1528,"KALAPATI ROAD
COIMBATORE",TAMIL NADU,COIMBATORE,SOUTH 2,641014
1126,1683,COIMBATORE POLLACHI,TAMIL NADU,POLLACHI,SOUTH 2,642002
1127,1632,SHENOY NAGAR CHENNAI,TAMIL NADU,CHENNAI,SOUTH 2,600030
1128,1463,MAMANGALAM,KERALA,KOCHI,SOUTH,682025
1129,1469,KADAVANTRA KOCHI,KERALA,KOCHI,SOUTH,682020
1130,1345,"THENI MAIN ROAD
MADURAI",TAMIL NADU,MADURAI,SOUTH,625016
1131,1485,ANNA NAGAR MADURAI,TAMIL NADU,MADURAI,SOUTH,625020
1132,1591,"MADURAI GOOD SHED
STREET",TAMIL NADU,MADURAI,SOUTH,625001
1133,1453,PERIYAR NAGAR,TAMIL NADU,CHENNAI,SOUTH,600082
1134,1545,KORATTUR CHENNAI,TAMIL NADU,CHENNAI,SOUTH 2,600080
1135,1643,VILLIWAKKAM CHENNAI,TAMIL NADU,CHENNAI,SOUTH 2,600049
1136,1317,KANGEYAM,TAMIL NADU,KANGEYAM,SOUTH,638701
1137,1671,TIRUCHENGODE,TAMIL NADU,TIRUCHENGODU,SOUTH 2,637211
1138,1540,"KASTURIBAI NAGAR
CHENNAI",TAMIL NADU,CHENNAI,SOUTH 2,600020
1139,1700,CHERRY ROAD SALEM,TAMIL NADU,SALEM,SOUTH 2,636007
1140,1355,PN ROAD TIRUPPUR,TAMIL NADU,PERUMANALLUR ROAD,SOUTH,641602
1141,1392,CHROMPET CHENNAI,TAMIL NADU,CHENNAI,SOUTH,600044
1142,1465,NAGERCOIL,TAMIL NADU,NAGERCOIL,SOUTH,629001
1143,1492,"TIRUCHIRAPPALLI THILAI
NAGAR TRICHY",TAMIL NADU,TIRUCHIRAPALLI,SOUTH 2,620018
1144,1667,"MADURAI ROAD
TIRUCHIRAPPALLI TRICHY",TAMIL NADU,TIRUCHIRAPALLI,SOUTH 2,620008
1145,1715,KUMBAKONAM,TAMIL NADU,KUMBAKONAM,SOUTH,612001
1146,1346,TIRUR,KERALA,TIRUR,SOUTH,676101
1147,1558,KOLLENCHERRY KOCHI,KERALA,KOLENCHERRY,SOUTH 2,682311
1148,1560,INFOPARK KAKKANAD,KERALA,KAKKANAD,SOUTH 2,682030
1149,1583,"BANERJEE ROAD
ERNAKULAM",KERALA,KOCHI,SOUTH 2,682018
1150,1587,"ANGAMALY ALUVA DIST
KOCHI KERALA",KERALA,ANGAMALLY,SOUTH 2,683572
1151,1461,KRISHNAGIRI,TAMIL NADU,KRISHNAGIRI,SOUTH,635002
1152,1466,VILUPPURAM M,TAMIL NADU,VILLUPURAM,SOUTH,605602
1153,1598,PUDUCHERRY,PONDICHERRY,PONDICHERRY,SOUTH 2,605005
1154,1685,CUDDALORE,TAMIL NADU,CUDDALORE,SOUTH 2,607002
1155,1657,"NEW AVADI ROAD
CHENNAI",TAMIL NADU,CHENNAI,SOUTH 2,600010
1156,1627,KAYAMKULAM,KERALA,KAYAMKULAM,SOUTH 2,690502
1157,1633,KOTTARAKKARA,KERALA,KOLLAM,SOUTH 2,693531
1158,1646,MAVELIKKARA KERALA,KERALA,MAVELIKARA,SOUTH 2,690101
1159,1647,KARUNAGAPALLY KERALA,KERALA,KARUNAGAPALLY,SOUTH 2,690518
1160,1690,UZHAVOOR,KERALA,KOOTHATTUKULAM,SOUTH 2,686634
1161,1653,KATTUPAKKAM CHENNAI,TAMIL NADU,CHENNAI,SOUTH 2,600056
1162,1480,"POOJAPPURA
TRIVANDRUM",TAMIL NADU,"THIRUVANANTHAPURA
M",SOUTH,695012
1163,1599,"KOWDIAR TRIVANDRUM
KERALA",KERALA,"THIRUVANANTHAPURA
M",SOUTH 2,695003
1164,1612,"ETTUMANOOR
ETTUMANNUR",KERALA,ETTUMANOOR,SOUTH,686631
1165,1658,"KANNAMMOOLA
TRIVANDRUM",KERALA,"THIRUVANANTHAPURA
M",SOUTH 2,695011
1166,1582,"KALATHIPADY KOTTAYAM
KERALA",KERALA,KOTTAYAM,SOUTH,686010
1167,1651,PALA,KERALA,PALAI,SOUTH 2,686575
1168,1359,"SANTACRUZ WEST
MUMBAI",MAHARASHTRA,MUMBAI,WEST,400054
1169,1374,"ANDHERI MIDC OPUS
MUMBAI",MAHARASHTRA,MUMBAI,WEST,400093
1170,1391,"THANE WAGHLE
INDUSTRIAL ESTATE
MUMBAI",MAHARASHTRA,MUMBAI,WEST,400604
1171,1324,BARBODANA,MADHYA PRADESH,RATLAM,WEST,457222
1172,1325,TALODH,MADHYA PRADESH,UJJAIN,WEST,456006
1173,1326,BADHKUMMED,MADHYA PRADESH,UJJAIN,WEST,456661
1174,1327,SIGHWADA,MADHYA PRADESH,DEWAS,WEST,455001
1175,1328,KHEROD,MADHYA PRADESH,DHAR,WEST,454001
1176,1329,HASALPUR,MADHYA PRADESH,HOSHANGABAD,WEST,461001
1177,1331,BEDAWAN,MADHYA PRADESH,NAGDA,WEST,456221
1178,1334,KARELI,MADHYA PRADESH,NARSINGHPUR,WEST,487221
1179,1341,NASIRABAD,MADHYA PRADESH,ITARSI,WEST,461661
1180,1343,NARSIMHAPUR,MADHYA PRADESH,NARSINGHPUR,WEST,487001
1181,1397,NAYA BAZAR GWALIOR,MADHYA PRADESH,GWALIOR,WEST,474009
1182,0451,DADRA,"DADRA & NAGAR
HAVELI",SILVASSA,WEST,396193
1183,0206,SILVASA,"DADRA & NAGAR
HAVELI",SILVASSA,WEST,396230
1184,1316,HATHROL,GUJARAT,SABARKANTHA,WEST,383030
1185,1371,BHAILI BARODA,GUJARAT,PADRA,WEST,391410
1186,1388,"ISHANPUR MANINAGAR
AHMADABAD",GUJARAT,AHMEDABAD,WEST,382443
1187,1382,"NAVA NARODA
AHMADABAD",GUJARAT,AHMEDABAD,WEST,382330
1188,1387,BHAKTINAGAR RAJKOT,GUJARAT,RAJKOT,WEST,360002
1189,1367,KUDAL,MAHARASHTRA,LANJA,WEST,416702
1190,1365,KANKAVLI,MAHARASHTRA,KANKAVALI,WEST,416602
1191,1318,JALNA MAHARASHTRA,MAHARASHTRA,JALNA,WEST,431203
1192,1361,KHED,MAHARASHTRA,KHED,WEST,415709
1193,1372,CHIPLUN,MAHARASHTRA,CHIPLUN,WEST,415606
1194,1362,RAJAPUR,MAHARASHTRA,LANJA,WEST,416702
1195,1363,MAHAD,MAHARASHTRA,MAHAD,WEST,402301
1196,1375,MUKUND NAGAR PUNE,MAHARASHTRA,PUNE,WEST,411037
1197,1435,KANNAD AURANGABAD,MAHARASHTRA,AURANGABAD,WEST,431013
1198,1428,"GHATKOPAR WEST LBS
MARG MUMBAI",MAHARASHTRA,MUMBAI,WEST,400086
1199,1451,ASHOKA MARG NASHIK,MAHARASHTRA,NASIK,WEST,422006
1200,1448,CIDCO AURANGABAD,MAHARASHTRA,AURANGABAD,WEST,431003
1201,1439,VASAI EAST MUMBAI,MAHARASHTRA,MUMBAI,WEST,401208
1202,1447,"BHAYENDAR WEST
MUMBAI",MAHARASHTRA,MUMBAI,WEST,401101
1203,1472,SAHARANPUR NASHIK,MAHARASHTRA,NASIK,WEST,422002
1204,1436,GULMOHAR BHOPAL,MAHARASHTRA,BHOPAL,WEST,462039
1205,1433,LALPAR RAJKOT,GUJARAT,MORBI,WEST,363642
1206,1477,"SADASHIV PETH TILAK
ROAD PUNE",MAHARASHTRA,PUNE,WEST,411030
1207,1467,GOTTA AHMADABAD,GUJARAT,AHMEDABAD,WEST,382481
1208,1484,SOSYO SURAT,GUJARAT,SURAT,WEST,395007
1209,1483,AIRPORT ROAD BHOPAL,MADHYA PRADESH,BHOPAL,WEST,462030
1210,1470,MULUND WEST MUMBAI,MAHARASHTRA,MUMBAI,WEST,400080
1211,1456,LANJA CT,MAHARASHTRA,LANJA,WEST,416701
1212,1481,SADHUVASVANI RAJKOT,GUJARAT,RAJKOT,WEST,360005
1213,1489,PIMPLE SAUDAGAR PUNE,MAHARASHTRA,PUNE,WEST,411027
1214,1511,KASHIPURA,GUJARAT,KAPADVANJ,WEST,387620
1215,1512,UDALPUR,GUJARAT,MEHSANA,WEST,384001
1216,1509,DHULE M CORP,MAHARASHTRA,DHULE,WEST 2,424002
1217,1506,GARKHEDA AURANGABAD,MAHARASHTRA,AURANGABAD,WEST,431009
1218,1499,HEBATPUR AHMADABAD,GUJARAT,AHMEDABAD,WEST,380059
1219,1508,NARANPURA AHMADABAD,GUJARAT,AHMEDABAD,WEST 2,380013
1220,1527,BOISAR MUMBAI,MAHARASHTRA,TARAPUR,WEST 1,401501
1221,1373,"TALOJA NEAR MIDC
MUMBAI",MAHARASHTRA,NAVIMUMBAI,WEST,410206
1222,1529,"RAVI NAGAR SQUR
NAGPUR",MAHARASHTRA,NAGPUR,WEST 2,440010
1223,1538,NANA MOUVA RAJKOT,GUJARAT,RAJKOT,WEST 2,360001
1224,1551,"AIRPORT ROAD INDORE
SOUTH TUKOGANJ",MADHYA PRADESH,INDORE,WEST,452001
1225,1563,RANDER ROAD SURAT,GUJARAT,SURAT,WEST 2,395009
1226,1565,MAGOB SURAT,GUJARAT,SURAT,WEST 2,395010
1227,1585,MATOUDA RAJKOT,GUJARAT,RAJKOT,WEST 2,360021
1228,1556,SACHIN GIDC SURAT,GUJARAT,AMBERNATH,WEST 1,421005
1229,1552,"DOODH NAKA
ULHASNAGAR THANE
MUMBAI",MAHARASHTRA,AMBERNATH,WEST 1,421005
1230,1568,DAHISAR EAST MUMBAI,MAHARASHTRA,MUMBAI,WEST 1,400068
1231,1586,"KOREGAON PARK PUNE
MAHARASHTRA",MAHARASHTRA,PUNE,WEST 1,411001
1232,1536,BHANDUP WEST MUMBAI,MAHARASHTRA,MUMBAI,WEST 1,400079
1233,1596,RAKHIEAL AHMADABAD,GUJARAT,AHMEDABAD,WEST 2,380023
1234,1604,"SHELA OUTSKIRT OF
AHMEDABAD",GUJARAT,AHMEDABAD,WEST 2,380058
1235,1546,BORIVALI WEST MUMBAI,MAHARASHTRA,MUMBAI,WEST,400092
1236,1597,KHOKARA AHMADABAD,GUJARAT,AHMEDABAD,WEST 2,380008
1237,1629,"JUNAGADH MOTIBAG
ROAD",GUJARAT,JUNAGADH,WEST 2,362001
1238,1624,GARDEN CITY AHMEDABAD,GUJARAT,AHMEDABAD,WEST 2,382481
1239,1593,MALEGAON,MAHARASHTRA,MALEGAON,WEST 3,423203
1240,1605,SINNAR,MAHARASHTRA,SINNAR,WEST,422103
1241,1602,VIP ROAD SURAT,GUJARAT,SURAT,WEST,395017
1242,1562,VED ROAD SURAT,GUJARAT,SURAT,WEST 2,395004
1243,1581,"TILAK NAGAR CHEMBUR
MUMBAI",MAHARASHTRA,MUMBAI,WEST 1,400089
1244,1566,DHARAMPUR,GUJARAT,VALSAD REACH,WEST 2,396050
1245,1575,BILLIMORA,GUJARAT,BILLIMORA,WEST 2,396321
1246,1630,SURAT LP SAWANI ROAD,GUJARAT,SURAT,WEST 2,395009
1247,1634,VALSAD KILLA PARDI,GUJARAT,VALSAD,WEST 2,396125
1248,1610,MIRAJ,MAHARASHTRA,SANGLI,WEST,416410
1249,1637,SIOLIM GOA,GOA,GOA,WEST 3,403517
1250,1580,"VIRAR PALGHAR
MAHARASHTRA",MAHARASHTRA,MUMBAI,WEST 1,401303
1251,1628,PIMPALGAON BASWANT,MAHARASHTRA,PIMPALGAON,WEST 3,422209
1252,1638,"VIDYANAGAR ROAD
ANAND",GUJARAT,ANAND,WEST,388001
1253,1669,PALANPUR,GUJARAT,PALANPUR,WEST 2,385001
1254,1626,SCHEME NO 78 INDORE,MADHYA PRADESH,INDORE,WEST,452010
1255,1625,"SATADHAR CROSS ROAD
GANESH MAPLE
AHMEDABAD",GUJARAT,AHMEDABAD,WEST 2,380058
1256,1613,MANGALWEDHA,MAHARASHTRA,SOLAPUR,WEST 3,413305
1257,1650,"RAMDAS ROAD
AHMADABAD",GUJARAT,AHMEDABAD,WEST 2,380054
1258,1649,"BALLARPUR OR
BALLARSHAH",MAHARASHTRA,CHANDRAPUR,WEST 3,442701
1259,1665,KATRAJ PUNE,MAHARASHTRA,PUNE,WEST 1,411046
1260,1641,PALGHAR MUMBAI,MAHARASHTRA,PALGHAR,WEST 1,401404
1261,1678,PALI,MAHARASHTRA,RATNAGIRI,WEST,405803
1262,1668,AKLUJ,MAHARASHTRA,AKLUJ,WEST 3,413101
1263,1584,CADEL ROAD MUMBAI,MAHARASHTRA,MUMBAI,WEST 1,400028
1264,1670,GHOD DOD ROAD SURAT,GUJARAT,SURAT,WEST 2,395001
1265,1656,"TEXTILE MARKET RONG
ROAD SURAT",GUJARAT,SURAT,WEST 2,395002
1266,1648,BHOSARI PUNE,MAHARASHTRA,PUNE,WEST 1,411039
1267,1718,NAVI MUMBAI SEAWOODS,MAHARASHTRA,NAVIMUMBAI,WEST 1,400706
1268,1674,ICHALKARANJI,MAHARASHTRA,ICHALKARANJI,WEST 3,416115
1269,1659,NAROL AHMADABAD,GUJARAT,AHMEDABAD,WEST 2,382405
1270,1713,"SURAT SUMUL DAIRY
ROAD",GUJARAT,SURAT,WEST 2,395004
1271,1733,SATNA,MADHYA PRADESH,SATNA,WEST,485001
1272,1716,BAVLA,GUJARAT,AHMEDABAD,WEST,388820
1273,1710,"NIKOL RING ROAD
AHMEDABAD",GUJARAT,AHMEDABAD,WEST 2,380038
1274,1709,SURAT MOTA VARACHA,GUJARAT,SURAT,WEST 2,394101
1275,1731,"SURAT LAMBE HANUMAN
ROAD",GUJARAT,SURAT,WEST,395006
1276,1482,"GURGAON DLF PHASE V
HORIZON CENTRE 2",HARYANA,GURGAON,NORTH,122001
1277,1450,"UNITECH TRADE CENTRE
SUSHANT LOK GURGAON",HARYANA,GURGAON,NORTH,122002
1278,1530,SEC 22 GURGAON,HARYANA,GURGAON,NORTH 1,122015
1279,1617,"GURGAON DLF CROSS
POINT",HARYANA,GURGAON,NORTH,122002
1280,1672,GURGAON SECTOR 5,HARYANA,GURGAON,NORTH 1,122001
1281,1501,"Defence Colony, Pioneer",NCT OF DELHI,NEW DELHI,NORTH,110024
1282,1601,LAJPAT NAGAR III DELHI,DELHI,NEW DELHI,NORTH 1,110024
1283,1541,"Punjabi BAgh, Pioneer",NCT OF DELHI,NEW DELHI,NORTH 1,110026
1284,1570,LAJPAT NAGAR II DELHI,DELHI,NEW DELHI,NORTH 1,110024
1285,1377,SOHNA GURGAON,HARYANA,SOHNA,NORTH,122103
1286,1384,"NIRVANA COUNTRY
GURGAON",HARYANA,GURGAON,NORTH,122001
1287,1592,"SEC 58 GOLF COURSE
ROAD GURGAON",HARYANA,GURGAON,NORTH 1,122001
1288,1621,SEC 16 NOIDA,UTTAR PRADESH,NOIDA,NORTH 3,201301
1289,1358,GAUR CITY NOIDA,UTTAR PRADESH,GREATER NOIDA,NORTH,201310
1290,1555,"AFRICA AVENUE
SAFDARJUNG NEW DELHI",DELHI,NEW DELHI,NORTH 1,110029
1291,1609,ALAKNANDA DELHI,DELHI,NEW DELHI,NORTH 1,110019
1292,1652,HAUZ KHAS NEW DELHI,DELHI,NEW DELHI,NORTH 1,110016
1293,1661,JANGPURA NEW DELHI,DELHI,NEW DELHI,NORTH 1,110014
1294,1444,GREEN PARK NEW DELHI,DELHI,NEW DELHI,NORTH,110016
1295,1427,DARYA GANJ NEW DELHI,DELHI,NEW DELHI,NORTH,110002
1296,1422,SADAR BAZAAR NEW DELHI,DELHI,NEW DELHI,NORTH,110006
1297,1622,SEC 83 GURGAON,HARYANA,GURGAON,NORTH 1,122004
1298,1379,"CROSSING REPUBLIK
GHAZIABAD",UTTAR PRADESH,GHAZIABAD,NORTH,201016
1299,1394,DWARKA 22 NEW DELHI,DELHI,NEW DELHI,NORTH,110075
1300,1396,JANAKPURI 2 NEW DELHI,DELHI,NEW DELHI,NORTH,110058
1301,1383,VASANT VIHAR NEW DELHI,DELHI,NEW DELHI,NORTH,110057
1302,1412,"PRASHANT VIHAR NEW
DELHI",DELHI,NEW DELHI,NORTH,110085
1303,1666,SHAKTI NAGAR NEW DELHI,DELHI,NEW DELHI,NORTH 1,110007
1304,1445,NALAGARH,HIMACHAL PRADESH,NALAGARH,NORTH,174101
1305,1679,KURALI,PUNJAB,MORINDA,NORTH 2,140103
1306,1676,DHARAMSHALA,HIMACHAL PRADESH,DHARAMSHALA,NORTH 2,176215
1307,0915,KANGRA,HIMACHAL PRADESH,KANGRA,NORTH,176001
1308,1395,MANDI,HIMACHAL PRADESH,MANDI,NORTH,175001
1309,1423,SHILLIHAR/BHUNTAR,HIMACHAL PRADESH,KULLU,NORTH,175125
1310,1432,SANJAULI SHIMLA HP,HIMACHAL PRADESH,SHIMLA,NORTH,171006
1311,1442,SHOGI SHIMLA,HIMACHAL PRADESH,SHIMLA,NORTH,171219
1312,1486,PALAMPUR,HIMACHAL PRADESH,PALAMPUR,NORTH,176061
1313,1495,HAMIRPUR M CL,HIMACHAL PRADESH,HAMIRPUR,NORTH 2,177001
1314,1476,CHANNI HIMMAT JAMMU,JAMMU & KASHMIR,JAMMU,NORTH,180015
1315,1573,JAGADHARI,HARYANA,YAMUNANAGAR,NORTH 2,135001
1316,0938,BAGTHALA,HARYANA,KURUKSHETRA,NORTH,136119
1317,0939,BHUSLA,HARYANA,PEHOWA,NORTH,136034
1318,1421,KAITHAL,HARYANA,KAITHAL,NORTH 2,136027
1319,1744,AJNALA,PUNJAB,AMRITSAR,NORTH,143102
1320,1579,LOHIAN KHASS NP,PUNJAB,JALANDHAR,NORTH,144629
1321,1739,UMAR TANDA,PUNJAB,TANDA,NORTH,144203
1322,1549,NURMAHAL,PUNJAB,NAKODAR,NORTH 2,144039
1323,1737,GARHSHANKAR,PUNJAB,GARHSHANKER,NORTH 2,144527
1324,1577,NAKODAR,PUNJAB,NAKODAR,NORTH 2,144040
1325,1417,"URBAN ESTATE PHASE 1
PATIALA",PUNJAB,PATIALA,NORTH,147002
1326,1347,"SALANA JIWAN SINGH
WALA",PUNJAB,FATEHGARH SAHIB,NORTH,147301
1327,1730,SIRHIND ROAD PATIALA,PUNJAB,PATIALA,NORTH,147001
1328,1749,"SIRHIND FATEHGARH
SAHIB",PUNJAB,FATEHGARH SAHIB,NORTH 2,140406
1329,1473,SECTOR 16 PANCHKULA,HARYANA,PANCHKULA,NORTH,134109
1330,0465,SAHA/DHAKOLA,HARYANA,MULLANA,NORTH 2,133104
1331,1655,DERA BASSI,PUNJAB,DERABASSI,NORTH 2,140507
1332,1712,"SECTOR 82 SAS NAGAR
MOHALI PUNJAB",CHANDIGARH,MOHALI,NORTH 2,140308
1333,1553,BATALA,PUNJAB,BATALA,NORTH,143505
1334,1413,"RANJEET AVENUE
AMRITSAR",PUNJAB,AMRITSAR,NORTH,143001
1335,1728,MAJITHA ROAD AMRITSAR,PUNJAB,AMRITSAR,NORTH,143001
1336,1348,HARDO BATHWALA,PUNJAB,GURDASPUR,NORTH,143521
1337,1369,MALOUT PUNJAB,PUNJAB,MALOUT,NORTH,152107
1338,1443,MUKATSAR,PUNJAB,MUKTSAR EXPANSION,NORTH,152026
1339,1352,JANDANWALA,PUNJAB,GONIANA MANDI,NORTH,151201
1340,1642,FEROZPUR,PUNJAB,FIROZEPUR,NORTH 2,152001
1341,1644,ABOHAR,PUNJAB,ABOHAR,NORTH 2,152116
1342,1311,MALLIANA,PUNJAB,MOGA,NORTH,142037
1343,1312,MADDOKE,PUNJAB,MOGA,NORTH,142053
1344,1505,"KITCHLU NAGAR
LUDHIANA",PUNJAB,LUDHIANA,NORTH 2,141001
1345,1717,LUDHIANA BRS NAGAR,PUNJAB,LUDHIANA,NORTH 2,141012
1346,0904,LALI,HARYANA,TOHANA,NORTH,125051
1347,0905,DHOLU,HARYANA,FATEHABAD,NORTH,125111
1348,0906,BAHMANWALA,HARYANA,TOHANA,NORTH,125051
1349,1351,BHANGU,HARYANA,MANDI DABWALI,NORTH,125077
1350,1302,KIRMARA,HARYANA,HISSAR,NORTH,125047
1351,1303,PRABHUWALA,HARYANA,BARWALA,NORTH,125113
1352,1349,BABANPUR,HARYANA,TOHANA,NORTH,125051
1353,1350,AHAMADPUR,HARYANA,SIRSA,NORTH,125055
1354,1315,BURJ HARI,PUNJAB,MANSA,NORTH,151508
1355,1342,BURJ MEHMA,PUNJAB,GONIANA MANDI,NORTH,151201
1356,1332,DARAPUR,PUNJAB,MOGA,NORTH,142048
1357,1319,MACHHIKE,PUNJAB,MOGA,NORTH,142039
1358,1662,DIRBA,PUNJAB,SANGRUR,NORTH 2,148035
1359,1323,KULAR KHURD,PUNJAB,SANGRUR,NORTH,148001
1360,1559,SAMANA M CL,PUNJAB,SAMANA,NORTH 2,147101
1361,1623,"SUNAM UDHAM SINGH
WALA M CL + OG",PUNJAB,SUNAM,NORTH 2,148028
1362,1526,CHARKHI DADRI,HARYANA,CHARKHI DADRI,NORTH 3,127306
1363,1426,"SHAM NAGAR OLD GT
ROAD KARNAL",HARYANA,KARNAL,NORTH,132001
1364,1301,KOHLI,HARYANA,MANDI ADAMPUR,NORTH,125052
1365,1464,SHEILA BYPASS ROHTAK,HARYANA,SONEPAT,NORTH,131001
1366,1488,NARNAUL HARYANA,HARYANA,MAHENDRAGARH,NORTH,123001
1367,1304,MATTERSHAM,HARYANA,HISSAR,NORTH,125001
1368,1322,5 SSW JHAMBAR,RAJASTHAN,HANUMANGARH,WEST,335513
1369,1437,ASHOK NAGAR UDAIPUR,RAJASTHAN,UDAIPUR,NORTH,313001
1370,1376,BEAWAR,RAJASTHAN,BEAWAR,NORTH,305901
1371,1590,BHARATPUR,RAJASTHAN,BHARATPUR,NORTH 3,321001
1372,1356,BUNDI,RAJASTHAN,BUNDI,WEST,323001
1373,1321,CHAK HEERA SINGH WALA,RAJASTHAN,HANUMANGARH,WEST,335063
1374,1415,CHOPASNI ROAD JODHPUR,RAJASTHAN,JODHPUR,NORTH,342001
1375,1578,DHAULPUR,RAJASTHAN,DHOLPUR,NORTH 3,328001
1376,1734,DUNGARPUR,RAJASTHAN,DURGAPUR,NORTH 3,314001
1377,1569,HANUMANGARH,RAJASTHAN,HANUMANGARH,NORTH 3,335512
1378,1491,MANSAROVAR JAIPUR,DELHI,JAIPUR,NORTH,302020
1379,1729,MERTA,RAJASTHAN,NAGAUR,NORTH 3,341510
1380,1313,NANGAL KALAN,RAJASTHAN,JAIPUR CHOMU,WEST,303712
1381,1687,SAWAI MADHOPUR,RAJASTHAN,SAWAI MADHOPUR,NORTH 3,322001
1382,1314,SINGOD KHURD,RAJASTHAN,JAIPUR,WEST,303803
1383,1429,VAISHALI NAGAR AJMER,RAJASTHAN,AJMER,NORTH,305001
1384,1344,VIGYANNAGAR KOTA,RAJASTHAN,KOTA EXPANSION,WEST,324005
1385,1385,KALYANPUR KANPUR,UTTAR PRADESH,KANPUR,NORTH,208017
1386,1366,JHANSI,UTTAR PRADESH,JHANSI,NORTH,284002
1387,1455,"BHUTESHWAR ROAD
MATHURA",UTTAR PRADESH,MATHURA,NORTH,281001
1388,1458,SHAMSABAD ROAD AGRA,UTTAR PRADESH,AGRA,NORTH,282001
1389,1554,JEWAR,UTTAR PRADESH,"GREATER NOIDA
EXPANSION",NORTH 3,203135
1390,1594,HAZRATGANJ LUCKNOW,UTTAR PRADESH,LUCKNOW,NORTH 3,226001
1391,1504,GORAKHPUR 2,UTTAR PRADESH,GORAKHPUR,NORTH 3,273004
1392,1682,MIRZAPUR,UTTAR PRADESH,MIRZAPUR,NORTH 3,231001
1393,1519,ALMORA NPP,UTTARAKHAND,ALMORA,NORTH 2,263601
1394,1516,BAGESHWAR NPP,UTTARAKHAND,BAGHESHWAR,NORTH 3,263642
1395,1513,BHIMTAL /NAINITAL NPP,UTTARAKHAND,NAINITAL,NORTH 2,263136
1396,1500,CHAMPAWAT,UTTARAKHAND,CHAMPAWAT,NORTH 3,262523
1397,1446,GMS ROAD DEHRADUN,UTTARAKHAND,DEHRADUN,NORTH,248001
1398,1339,MUZAFFARNAGAR,UTTAR PRADESH,MUZAFFARNAGAR,NORTH,251001
1399,1496,TEHRI NPP,UTTARAKHAND,TEHRI,NORTH 2,249001
1400,1518,PAURI NPP,UTTARAKHAND,PAURI,NORTH 3,246155
1401,1503,RUDRAPRAYAG NPP,UTTARAKHAND,RUDRAPRAYAG,NORTH 3,246171
1402,1524,PITHORAGARH NPP,UTTARAKHAND,PITHORAGARH,NORTH 3,262501
1403,1595,JAKHAN DEHRADUN,UTTARAKHAND,DEHRADUN,NORTH 1,248001
1404,1547,"WESTERN KUTCHERY ROAD
MEERUT",UTTAR PRADESH,MEERUT,NORTH,250001
1405,1654,UTTARKASHI NPP,UTTARAKHAND,UTTARKASHI,NORTH 3,249193
1406,1611,"CHAMOLI GOPESHWAR
NPP",UTTARAKHAND,GOPESHWAR,NORTH 3,246401
1407,1635,"DEHRADUN SAHARANPUR
ROAD",UTTARAKHAND,DEHRADUN,NORTH 3,248171
1408,1614,MEERUT,UTTAR PRADESH,MEERUT,NORTH 2,250001
1409,1696,RISHIKESH,UTTARAKHAND,RISHIKESH,NORTH,249201
1410,0141,AIZWAL,MIZORAM,AIZAWL,EAST,796007
1411,0461,DIMAPUR,NAGALAND,DIMAPUR,EAST,797112
1412,0462,JORETHANG,SIKKIM,JORETHANG,EAST,737121
1413,0770,KOHIMA,NAGALAND,KOHIMA,EAST,797001
1414,0813,TURA,MEGHALAYA,TURA,EAST,794001
1415,1335,NAOGAON ASSAM,ASSAM,NAGAON OFFICE,EAST,782002
1416,1336,CIT ROAD KOLKATA,WEST BENGAL,KOLKATA,EAST,700014
1417,1338,SINGJAMEI IMPHAL,MANIPUR,IMPHAL,EAST,795001
1418,1398,NEW ALIPORE KOLKATA,WEST BENGAL,KOLKATA,EAST,700053
1419,1425,S F ROAD SILIGURI,WEST BENGAL,SILIGURI,EAST,734005
1420,1430,DUM DUM,WEST BENGAL,KOLKATA,EAST,700074
1421,1431,BELUR BAZAAR HAORA,WEST BENGAL,BALLY BDEL,EAST,711202
1422,1452,BARASAT,WEST BENGAL,BARASAT,EAST,700126
1423,1459,SREERAMPORE HUGLI,WEST BENGAL,HOOGLY BDEL,EAST,712201
1424,1475,"MEDINIPUR / MIDNAPORE
TOWN",WEST BENGAL,MIDNAPORE,EAST,721101
1425,1490,POSTA BAZAR KOLKATA,WEST BENGAL,KOLKATA,EAST,700006
1426,1494,"KOLKATA SARAT BOSE
ROAD",WEST BENGAL,KOLKATA,EAST,700029
1427,1502,"NORTH 24 PARGANAS
SODEPUR",WEST BENGAL,BARRACKPORE,EAST,700114
1428,1520,KALAPAHAR GUWAHATI,ASSAM,GUWAHATI,EAST,781018
1429,1537,CHANDANNAGAR HUGLI,WEST BENGAL,HOOGLY BDEL,EAST,712136
1430,1564,BARDDHAMAN,WEST BENGAL,BURDWAN BDEL,EAST,713101
1431,1576,"RAJARHAT KOLKATA
RAJARHAT GOPALPUR M",WEST BENGAL,KOLKATA,EAST,700156
1432,1606,PADAMPUKHURI DIMAPUR,NAGALAND,DIMAPUR,EAST,797116
1433,1608,"BIDHANNAGAR –
DURGAPUR",WEST BENGAL,DURGAPUR,EAST,713212
1434,1618,"HARISH MUKHERJEE ROAD
KOLKATA",WEST BENGAL,KOLKATA,EAST,700025
1435,1620,"KOLKATA SALT LAKE CB 58
SECTOR 1",WEST BENGAL,KOLKATA,EAST,700064
1436,1631,KOLKATA LANSDOWN,WEST BENGAL,KOLKATA,EAST,700025
1437,1639,RAMNAGAR,WEST BENGAL,CONTAI,EAST,721441
1438,1640,IMPHAL POROMPAT,MANIPUR,IMPHAL OFFICE,EAST,795005
1439,1660,"GURUSADAY ROAD
KOLKATA",WEST BENGAL,KOLKATA,EAST,700019
1440,1675,"GARIA MAHAMAYATALA
KOLKATA",WEST BENGAL,KOLKATA,EAST,700084
1441,1684,NAIHATI,WEST BENGAL,KALYANI,EAST,743165
1442,1697,KAMALGHAT BAMUTIA,TRIPURA,AGARTALA,EAST,799210
1443,1708,BAHULA,WEST BENGAL,ASANSOL BDEL,EAST,713322
1444,1333,KUTRU,CHHATTISGARH,BHAIRAMGARH,EAST,494444
1445,1337,"CUTTACK PURI
BHUBANESWAR",ORISSA,BHUBANESWAR,EAST,751006
1446,1364,JEHANABAD,BIHAR,JAHANABAD,EAST,804408
1447,1368,ARRAH,BIHAR,ARRAH RSP,EAST,802301
1448,1378,GIRIDIH,JHARKHAND,GIRIDIH OFFICE,EAST,815301
1449,1386,BEGUSARAI,BIHAR,BEGUSARAI,EAST,851211
1450,1389,CHAPRA,BIHAR,CHHAPRA,EAST,841301
1451,1416,SARAIDHELA DHANBAD,JHARKHAND,DHANBAD,EAST,828127
1452,1424,ADITYAPUR JAMSHEDPUR,JHARKHAND,JAMSHEDPUR,EAST,831013
1453,1457,"SHAHEED NAGAR
BHUBANESHAWAR",ORISSA,BHUBANESWAR,EAST,751006
1454,1474,"CHANDI CHOWK BUXI
BAZAR CUTTACK",ORISSA,CUTTACK,EAST,753001
1455,1515,RAIPUR ALMEIDIH,CHHATTISGARH,RAIPUR,EAST,492001
1456,1531,DURG,CHHATTISGARH,BHILAI,EAST,491001
1457,1532,PATALIPUTRA PATNA,BIHAR,PATNA,EAST,800013
1458,1534,"KANTI FACTORY ROAD
PATNA",BIHAR,PATNA,EAST,800020
1459,1548,SIWAN,BIHAR,SIWAN,EAST,841226
1460,1550,DEVENDRA NAGAR RAIPUR,CHHATTISGARH,RAIPUR,EAST,492001
1461,1567,BIHAR SHARIFF,BIHAR,BIHARSHARIF RSP,EAST,803101
1462,1600,BERHAMPUR,ORISSA,BERHAMPUR,EAST,760001
1463,1673,RAIGARH,CHHATTISGARH,RAIGARH,EAST,496001
